id;date;user_id;original_tweet_id;fecha_original;user_original
1,88E+23;08/01/2025 19:07;2811037249;1,88E+23;08/01/2025 0:00;@20m
1,88E+23;07/01/2025 16:13;1264347176;1,88E+23;07/01/2025 0:00;@20m
1,89E+22;22/02/2025 13:54;3178871621;1,89E+22;22/02/2025 0:00;@el_pais
1,89E+22;22/02/2025 13:49;1,18E+23;1,89E+22;22/02/2025 0:00;@el_pais
1,89E+22;22/02/2025 14:00;1,51E+22;1,89E+22;22/02/2025 0:00;@el_pais
1,89E+22;22/02/2025 14:00;196409132;1,89E+22;22/02/2025 0:00;@el_pais
1,89E+22;22/02/2025 13:53;1,38E+22;1,89E+22;22/02/2025 0:00;@el_pais
1,89E+22;22/02/2025 14:20;3023178309;1,89E+22;22/02/2025 0:00;@el_pais
1,89E+23;22/02/2025 14:23;1,77E+23;1,89E+22;22/02/2025 0:00;@el_pais
1,89E+23;22/02/2025 16:15;285508262;1,89E+22;22/02/2025 0:00;@el_pais
1,89E+22;22/02/2025 20:40;427280667;1,89E+22;22/02/2025 0:00;@el_pais
1,89E+23;22/02/2025 15:41;2404415420;1,89E+22;22/02/2025 0:00;@el_pais
1,89E+22;22/02/2025 14:16;53692851;1,89E+22;22/02/2025 0:00;@el_pais
1,89E+23;23/02/2025 11:15;1,51E+22;1,89E+22;22/02/2025 0:00;@el_pais
1,89E+23;22/02/2025 14:34;7,13E+22;1,89E+22;22/02/2025 0:00;@el_pais
1,89E+22;22/02/2025 14:12;200018931;1,89E+22;22/02/2025 0:00;@el_pais
1,89E+23;22/02/2025 14:47;518998263;1,89E+22;22/02/2025 0:00;@el_pais
1,89E+22;22/02/2025 13:47;48576339;1,89E+22;22/02/2025 0:00;@el_pais
1,89E+22;22/02/2025 13:58;9,24E+22;1,89E+22;22/02/2025 0:00;@el_pais
1,89E+23;22/02/2025 14:53;376335971;1,89E+22;22/02/2025 0:00;@el_pais
1,89E+23;22/02/2025 15:30;1219119302;1,89E+22;22/02/2025 0:00;@el_pais
1,93E+23;30/05/2025 2:37;228556751;1,89E+22;22/02/2025 0:00;@el_pais
1,89E+23;22/02/2025 22:28;1,48E+23;1,89E+22;22/02/2025 0:00;@el_pais
1,89E+22;22/02/2025 13:50;1,21E+22;1,89E+22;22/02/2025 0:00;@el_pais
1,89E+23;22/02/2025 15:13;1303049894;1,89E+22;22/02/2025 0:00;@el_pais
1,89E+23;22/02/2025 16:21;1,31E+23;1,89E+22;22/02/2025 0:00;@el_pais
1,89E+23;23/02/2025 8:27;1,79E+23;1,89E+22;22/02/2025 0:00;@el_pais
1,89E+22;22/02/2025 13:52;1,65E+23;1,89E+22;22/02/2025 0:00;@el_pais
1,89E+22;23/02/2025 9:50;1,67E+23;1,89E+22;22/02/2025 0:00;@el_pais
1,89E+23;22/02/2025 14:40;620045316;1,89E+22;22/02/2025 0:00;@el_pais
1,89E+23;23/02/2025 5:21;850089648;1,89E+22;22/02/2025 0:00;@el_pais
1,89E+23;22/02/2025 14:25;1976494723;1,89E+22;22/02/2025 0:00;@el_pais
1,89E+23;22/02/2025 21:10;1,51E+23;1,89E+22;22/02/2025 0:00;@el_pais
1,89E+22;22/02/2025 14:09;1439676013;1,89E+22;22/02/2025 0:00;@el_pais
1,89E+23;22/02/2025 14:35;1,59E+22;1,89E+22;22/02/2025 0:00;@el_pais
1,89E+22;22/02/2025 13:55;1,59E+23;1,89E+22;22/02/2025 0:00;@el_pais
1,89E+22;22/02/2025 20:47;253196031;1,89E+22;22/02/2025 0:00;@el_pais
1,89E+22;22/02/2025 20:43;1,56E+22;1,89E+22;22/02/2025 0:00;@el_pais
1,89E+23;22/02/2025 8:09;4056594723;1,89E+23;22/02/2025 0:00;@el_pais
1,89E+23;22/02/2025 12:15;1023184021;1,89E+23;22/02/2025 0:00;@el_pais
1,89E+23;22/02/2025 4:56;2862602142;1,89E+23;22/02/2025 0:00;@el_pais
1,89E+23;22/02/2025 14:30;482335267;1,89E+23;22/02/2025 0:00;@el_pais
1,89E+23;22/02/2025 10:44;1668399427;1,89E+23;22/02/2025 0:00;@el_pais
1,89E+23;22/02/2025 5:00;1,12E+23;1,89E+23;22/02/2025 0:00;@el_pais
1,89E+23;22/02/2025 13:01;3290277322;1,89E+23;22/02/2025 0:00;@el_pais
1,89E+22;22/02/2025 13:57;3132780042;1,89E+23;22/02/2025 0:00;@el_pais
1,89E+23;22/02/2025 5:20;2266279621;1,89E+23;22/02/2025 0:00;@el_pais
1,89E+23;22/02/2025 14:34;482335267;1,89E+23;22/02/2025 0:00;@el_pais
1,89E+23;22/02/2025 11:10;1079807360;1,89E+23;22/02/2025 0:00;@el_pais
1,89E+23;22/02/2025 8:00;1,20E+23;1,89E+23;22/02/2025 0:00;@el_pais
1,89E+23;22/02/2025 13:04;1,70E+23;1,89E+23;22/02/2025 0:00;@el_pais
1,89E+23;22/02/2025 13:02;1,61E+22;1,89E+23;22/02/2025 0:00;@el_pais
1,89E+23;22/02/2025 14:59;816017652;1,89E+23;22/02/2025 0:00;@el_pais
1,89E+23;22/02/2025 9:41;885326204;1,89E+23;22/02/2025 0:00;@el_pais
1,89E+23;22/02/2025 9:39;885326204;1,89E+23;22/02/2025 0:00;@el_pais
1,89E+23;22/02/2025 15:10;23360157;1,89E+23;22/02/2025 0:00;@el_pais
1,89E+23;23/02/2025 7:56;1,56E+23;1,89E+23;22/02/2025 0:00;@el_pais
1,89E+23;22/02/2025 14:31;9,11E+22;1,89E+23;22/02/2025 0:00;@el_pais
1,89E+23;22/02/2025 15:42;3389458965;1,89E+23;22/02/2025 0:00;@el_pais
1,89E+23;22/02/2025 12:54;1,05E+23;1,89E+23;22/02/2025 0:00;@el_pais
1,89E+23;22/02/2025 11:37;1,81E+23;1,89E+23;22/02/2025 0:00;@el_pais
1,89E+23;22/02/2025 15:16;953539718;1,89E+23;22/02/2025 0:00;@el_pais
1,89E+23;23/02/2025 12:43;1,45E+23;1,89E+23;22/02/2025 0:00;@el_pais
1,89E+22;22/02/2025 14:16;1,87E+22;1,89E+23;22/02/2025 0:00;@el_pais
1,89E+23;22/02/2025 8:37;81811581;1,89E+23;22/02/2025 0:00;@el_pais
1,89E+22;22/02/2025 7:38;1,59E+23;1,89E+23;22/02/2025 0:00;@el_pais
1,89E+23;22/02/2025 8:59;165980954;1,89E+23;22/02/2025 0:00;@el_pais
1,89E+23;22/02/2025 4:48;230136275;1,89E+23;22/02/2025 0:00;@el_pais
1,89E+23;22/02/2025 6:17;4822779995;1,89E+23;22/02/2025 0:00;@el_pais
1,89E+23;22/02/2025 11:11;1,20E+23;1,89E+23;22/02/2025 0:00;@el_pais
1,89E+23;22/02/2025 11:53;1,86E+23;1,89E+23;22/02/2025 0:00;@el_pais
1,89E+23;22/02/2025 11:29;1,23E+23;1,89E+23;22/02/2025 0:00;@el_pais
1,89E+23;22/02/2025 10:02;1,59E+23;1,89E+23;22/02/2025 0:00;@el_pais
1,88E+23;15/01/2025 21:53;1477498801;1,88E+23;15/01/2025 0:00;@el_pais
1,88E+23;15/01/2025 22:04;1,21E+23;1,88E+23;15/01/2025 0:00;@el_pais
1,88E+23;15/01/2025 22:02;322187588;1,88E+23;15/01/2025 0:00;@el_pais
1,88E+23;15/01/2025 21:56;1,09E+23;1,88E+23;15/01/2025 0:00;@el_pais
1,88E+23;15/01/2025 22:34;1,72E+23;1,88E+23;15/01/2025 0:00;@el_pais
1,88E+23;15/01/2025 22:03;188884553;1,88E+23;15/01/2025 0:00;@el_pais
1,88E+23;15/01/2025 21:48;32601212;1,88E+23;15/01/2025 0:00;@el_pais
1,88E+23;15/01/2025 23:22;362751033;1,88E+23;15/01/2025 0:00;@el_pais
1,88E+23;15/01/2025 22:34;1,50E+23;1,88E+23;15/01/2025 0:00;@el_pais
1,88E+23;15/01/2025 22:20;1,31E+23;1,88E+23;15/01/2025 0:00;@el_pais
1,88E+23;15/01/2025 23:04;7,94E+22;1,88E+23;15/01/2025 0:00;@el_pais
1,88E+23;15/01/2025 21:59;1,55E+23;1,88E+23;15/01/2025 0:00;@el_pais
1,88E+23;16/01/2025 6:10;250121980;1,88E+23;15/01/2025 0:00;@el_pais
1,88E+23;15/01/2025 22:43;1,13E+23;1,88E+23;15/01/2025 0:00;@el_pais
1,88E+23;15/01/2025 22:15;1,36E+22;1,88E+23;15/01/2025 0:00;@el_pais
1,88E+23;15/01/2025 23:12;1,81E+23;1,88E+23;15/01/2025 0:00;@el_pais
1,88E+23;12/01/2025 12:58;268448814;1,88E+23;11/01/2025 0:00;@el_pais
1,88E+23;12/01/2025 21:22;1,51E+23;1,88E+23;11/01/2025 0:00;@el_pais
1,88E+23;11/01/2025 22:24;1,35E+23;1,88E+23;11/01/2025 0:00;@el_pais
1,88E+23;11/01/2025 22:51;1,39E+22;1,88E+23;11/01/2025 0:00;@el_pais
1,88E+23;11/01/2025 22:39;1,61E+23;1,88E+23;11/01/2025 0:00;@el_pais
1,88E+23;12/01/2025 14:56;1,71E+23;1,88E+23;11/01/2025 0:00;@el_pais
1,88E+23;12/01/2025 8:21;253278922;1,88E+23;11/01/2025 0:00;@el_pais
1,88E+23;12/01/2025 4:09;1912993586;1,88E+23;11/01/2025 0:00;@el_pais
1,88E+23;12/01/2025 14:51;1,86E+23;1,88E+23;11/01/2025 0:00;@el_pais
1,88E+23;12/01/2025 19:14;8,28E+22;1,88E+23;11/01/2025 0:00;@el_pais
1,88E+23;12/01/2025 22:18;2445658808;1,88E+23;11/01/2025 0:00;@el_pais
1,88E+23;12/01/2025 22:16;2445658808;1,88E+23;11/01/2025 0:00;@el_pais
1,88E+23;12/01/2025 16:00;1,25E+23;1,88E+23;11/01/2025 0:00;@el_pais
1,88E+23;12/01/2025 18:44;1,45E+22;1,88E+23;11/01/2025 0:00;@el_pais
1,88E+23;12/01/2025 8:19;47781149;1,88E+23;11/01/2025 0:00;@el_pais
1,88E+23;11/01/2025 22:25;1,47E+23;1,88E+23;11/01/2025 0:00;@el_pais
1,88E+23;11/01/2025 23:26;7,10E+22;1,88E+23;11/01/2025 0:00;@el_pais
1,88E+23;12/01/2025 7:46;1,48E+23;1,88E+23;11/01/2025 0:00;@el_pais
1,88E+23;12/01/2025 7:44;1,48E+23;1,88E+23;11/01/2025 0:00;@el_pais
1,88E+23;11/01/2025 22:30;1,57E+23;1,88E+23;11/01/2025 0:00;@el_pais
1,88E+23;12/01/2025 12:45;1,78E+23;1,88E+23;11/01/2025 0:00;@el_pais
1,88E+23;12/01/2025 14:07;265537830;1,88E+23;11/01/2025 0:00;@el_pais
1,88E+23;11/01/2025 23:32;258340055;1,88E+23;11/01/2025 0:00;@el_pais
1,88E+23;11/01/2025 23:30;258340055;1,88E+23;11/01/2025 0:00;@el_pais
1,88E+23;12/01/2025 14:56;1,14E+23;1,88E+23;11/01/2025 0:00;@el_pais
1,88E+23;12/01/2025 10:35;17939930;1,88E+23;11/01/2025 0:00;@el_pais
1,88E+23;12/01/2025 20:46;260884991;1,88E+23;11/01/2025 0:00;@el_pais
1,88E+23;12/01/2025 10:11;251381678;1,88E+23;11/01/2025 0:00;@el_pais
1,88E+23;12/01/2025 9:43;7,73E+22;1,88E+23;11/01/2025 0:00;@el_pais
1,88E+23;12/01/2025 9:23;9,13E+22;1,88E+23;11/01/2025 0:00;@el_pais
1,88E+23;12/01/2025 15:53;1,26E+23;1,88E+23;11/01/2025 0:00;@el_pais
1,88E+22;12/01/2025 11:23;126715826;1,88E+23;11/01/2025 0:00;@el_pais
1,88E+23;14/01/2025 1:09;1,52E+23;1,88E+23;11/01/2025 0:00;@el_pais
1,88E+23;12/01/2025 2:48;966849882;1,88E+23;11/01/2025 0:00;@el_pais
1,88E+23;11/01/2025 23:12;1,83E+23;1,88E+23;11/01/2025 0:00;@el_pais
1,88E+23;12/01/2025 22:28;1,34E+23;1,88E+23;11/01/2025 0:00;@el_pais
1,88E+23;11/01/2025 21:14;115121123;1,88E+23;11/01/2025 0:00;@el_pais
1,88E+23;11/01/2025 12:21;1,32E+23;1,88E+23;11/01/2025 0:00;@el_pais
1,88E+23;11/01/2025 13:13;1,59E+23;1,88E+23;11/01/2025 0:00;@el_pais
1,88E+23;11/01/2025 16:07;1,59E+23;1,88E+23;11/01/2025 0:00;@el_pais
1,88E+23;11/01/2025 13:15;268448814;1,88E+23;11/01/2025 0:00;@el_pais
1,88E+23;11/01/2025 12:11;3312266525;1,88E+23;11/01/2025 0:00;@el_pais
1,88E+23;11/01/2025 16:00;126715826;1,88E+23;11/01/2025 0:00;@el_pais
1,88E+23;11/01/2025 11:36;190318972;1,88E+23;11/01/2025 0:00;@el_pais
1,88E+23;11/01/2025 11:47;200018931;1,88E+23;11/01/2025 0:00;@el_pais
1,88E+23;11/01/2025 11:19;1637999202;1,88E+23;11/01/2025 0:00;@el_pais
1,88E+23;11/01/2025 14:03;179676033;1,88E+23;11/01/2025 0:00;@el_pais
1,88E+23;11/01/2025 18:21;1,43E+23;1,88E+23;11/01/2025 0:00;@el_pais
1,88E+23;11/01/2025 16:04;1,03E+23;1,88E+23;11/01/2025 0:00;@el_pais
1,88E+22;11/01/2025 22:17;1,85E+23;1,88E+23;11/01/2025 0:00;@el_pais
1,88E+22;11/01/2025 15:09;1,24E+23;1,88E+23;11/01/2025 0:00;@el_pais
1,88E+23;11/01/2025 17:42;1,77E+23;1,88E+23;11/01/2025 0:00;@el_pais
1,88E+23;11/01/2025 11:30;1,27E+23;1,88E+23;11/01/2025 0:00;@el_pais
1,88E+22;11/01/2025 15:27;2303239784;1,88E+23;11/01/2025 0:00;@el_pais
1,88E+23;11/01/2025 16:37;1,23E+23;1,88E+23;11/01/2025 0:00;@el_pais
1,88E+23;11/01/2025 12:26;1,64E+23;1,88E+23;11/01/2025 0:00;@el_pais
1,88E+23;11/01/2025 13:03;1,67E+23;1,88E+23;11/01/2025 0:00;@el_pais
1,88E+23;11/01/2025 16:23;254601719;1,88E+23;11/01/2025 0:00;@el_pais
1,88E+23;11/01/2025 11:23;163935901;1,88E+23;11/01/2025 0:00;@el_pais
1,88E+22;11/01/2025 15:37;464111131;1,88E+23;11/01/2025 0:00;@el_pais
1,88E+23;11/01/2025 11:33;1,31E+23;1,88E+23;11/01/2025 0:00;@el_pais
1,88E+23;12/01/2025 6:29;1,58E+23;1,88E+23;11/01/2025 0:00;@el_pais
1,88E+23;11/01/2025 17:16;110678362;1,88E+23;11/01/2025 0:00;@el_pais
1,88E+23;11/01/2025 12:35;1825455738;1,88E+23;11/01/2025 0:00;@el_pais
1,88E+23;11/01/2025 11:53;334889109;1,88E+23;11/01/2025 0:00;@el_pais
1,88E+23;11/01/2025 17:40;281128746;1,88E+23;11/01/2025 0:00;@el_pais
1,88E+23;11/01/2025 18:00;569025847;1,88E+23;11/01/2025 0:00;@el_pais
1,88E+23;11/01/2025 16:36;275681295;1,88E+23;11/01/2025 0:00;@el_pais
1,88E+23;11/01/2025 17:28;1463734878;1,88E+23;11/01/2025 0:00;@el_pais
1,88E+23;11/01/2025 17:21;954165926;1,88E+23;11/01/2025 0:00;@el_pais
1,88E+23;11/01/2025 16:55;1,05E+22;1,88E+23;11/01/2025 0:00;@el_pais
1,88E+23;11/01/2025 17:02;2847139715;1,88E+23;11/01/2025 0:00;@el_pais
1,88E+23;09/01/2025 8:47;238265431;1,88E+23;09/01/2025 0:00;@el_pais
1,88E+23;09/01/2025 8:36;211031809;1,88E+23;09/01/2025 0:00;@el_pais
1,88E+23;09/01/2025 11:12;7,50E+22;1,88E+23;09/01/2025 0:00;@el_pais
1,88E+22;09/01/2025 10:31;1,68E+23;1,88E+23;09/01/2025 0:00;@el_pais
1,88E+23;09/01/2025 16:38;9,13E+22;1,88E+23;09/01/2025 0:00;@el_pais
1,88E+23;09/01/2025 8:48;1,28E+23;1,88E+23;09/01/2025 0:00;@el_pais
1,88E+23;08/01/2025 22:01;187594920;1,88E+23;08/01/2025 0:00;@el_pais
1,88E+23;08/01/2025 23:30;1,10E+23;1,88E+23;08/01/2025 0:00;@el_pais
1,88E+23;08/01/2025 20:18;1,63E+23;1,88E+23;08/01/2025 0:00;@el_pais
1,88E+23;09/01/2025 9:20;288263710;1,88E+23;08/01/2025 0:00;@el_pais
1,88E+23;08/01/2025 19:58;53198511;1,88E+23;08/01/2025 0:00;@el_pais
1,88E+23;09/01/2025 12:38;1555155480;1,88E+23;08/01/2025 0:00;@el_pais
1,88E+23;09/01/2025 0:34;46812276;1,88E+23;08/01/2025 0:00;@el_pais
1,88E+23;08/01/2025 23:28;1,10E+23;1,88E+23;08/01/2025 0:00;@el_pais
1,88E+22;08/01/2025 20:59;1,50E+23;1,88E+23;08/01/2025 0:00;@el_pais
1,88E+23;09/01/2025 0:58;1,25E+23;1,88E+23;08/01/2025 0:00;@el_pais
1,88E+23;08/01/2025 20:37;312684628;1,88E+23;08/01/2025 0:00;@el_pais
1,88E+23;09/01/2025 0:44;1,72E+23;1,88E+23;08/01/2025 0:00;@el_pais
1,88E+23;08/01/2025 20:31;1,27E+23;1,88E+23;08/01/2025 0:00;@el_pais
1,88E+23;08/01/2025 19:56;1,51E+23;1,88E+23;08/01/2025 0:00;@el_pais
1,88E+23;08/01/2025 20:15;7,45E+22;1,88E+23;08/01/2025 0:00;@el_pais
1,88E+23;09/01/2025 9:25;87316916;1,88E+23;08/01/2025 0:00;@el_pais
1,88E+22;08/01/2025 21:05;81811581;1,88E+23;08/01/2025 0:00;@el_pais
1,88E+23;08/01/2025 21:52;1,69E+23;1,88E+23;08/01/2025 0:00;@el_pais
1,88E+23;08/01/2025 23:46;1,76E+23;1,88E+23;08/01/2025 0:00;@el_pais
1,88E+23;08/01/2025 20:28;7,85E+22;1,88E+23;08/01/2025 0:00;@el_pais
1,88E+23;09/01/2025 8:28;1,30E+22;1,88E+23;08/01/2025 0:00;@el_pais
1,88E+23;08/01/2025 19:57;2587709535;1,88E+23;08/01/2025 0:00;@el_pais
1,88E+23;09/01/2025 8:39;713650391;1,88E+23;08/01/2025 0:00;@el_pais
1,88E+23;08/01/2025 20:31;1,86E+23;1,88E+23;08/01/2025 0:00;@el_pais
1,88E+23;08/01/2025 20:40;330961279;1,88E+23;08/01/2025 0:00;@el_pais
1,88E+23;09/01/2025 9:18;8,86E+22;1,88E+23;08/01/2025 0:00;@el_pais
1,88E+23;08/01/2025 20:38;1,44E+23;1,88E+23;08/01/2025 0:00;@el_pais
1,88E+23;09/01/2025 0:49;208659728;1,88E+23;08/01/2025 0:00;@el_pais
1,88E+23;09/01/2025 10:48;1,67E+23;1,88E+23;08/01/2025 0:00;@el_pais
1,88E+23;08/01/2025 20:06;1004524945;1,88E+23;08/01/2025 0:00;@el_pais
1,88E+22;09/01/2025 10:21;165797474;1,88E+23;08/01/2025 0:00;@el_pais
1,88E+23;08/01/2025 22:37;1,67E+23;1,88E+23;08/01/2025 0:00;@el_pais
1,88E+23;08/01/2025 23:37;618230112;1,88E+23;08/01/2025 0:00;@el_pais
1,88E+23;09/01/2025 7:43;8,80E+22;1,88E+23;08/01/2025 0:00;@el_pais
1,88E+23;09/01/2025 0:18;28288736;1,88E+23;08/01/2025 0:00;@el_pais
1,88E+23;08/01/2025 20:11;1,69E+23;1,88E+23;08/01/2025 0:00;@el_pais
1,88E+23;07/01/2025 15:20;3402184198;1,88E+23;07/01/2025 0:00;@el_pais
1,88E+23;07/01/2025 15:51;1,57E+23;1,88E+23;07/01/2025 0:00;@el_pais
1,88E+23;07/01/2025 17:06;187594920;1,88E+23;07/01/2025 0:00;@el_pais
1,88E+23;07/01/2025 15:02;87910721;1,88E+23;07/01/2025 0:00;@el_pais
1,88E+23;07/01/2025 14:40;1,86E+23;1,88E+23;07/01/2025 0:00;@el_pais
1,88E+23;07/01/2025 15:06;8,32E+22;1,88E+23;07/01/2025 0:00;@el_pais
1,88E+23;07/01/2025 16:33;9,67E+22;1,88E+23;07/01/2025 0:00;@el_pais
1,88E+23;07/01/2025 14:38;1,66E+23;1,88E+23;07/01/2025 0:00;@el_pais
1,88E+23;07/01/2025 18:01;1,10E+23;1,88E+23;07/01/2025 0:00;@el_pais
1,88E+23;07/01/2025 21:01;1,78E+23;1,88E+23;07/01/2025 0:00;@el_pais
1,88E+23;07/01/2025 14:45;1,15E+23;1,88E+23;07/01/2025 0:00;@el_pais
1,88E+23;07/01/2025 16:06;1,70E+23;1,88E+23;07/01/2025 0:00;@el_pais
1,88E+23;07/01/2025 15:13;1,12E+23;1,88E+23;07/01/2025 0:00;@el_pais
1,88E+23;07/01/2025 15:47;3348849311;1,88E+23;07/01/2025 0:00;@el_pais
1,88E+23;07/01/2025 16:57;2974643895;1,88E+23;07/01/2025 0:00;@el_pais
1,88E+23;07/01/2025 15:14;4179893074;1,88E+23;07/01/2025 0:00;@el_pais
1,88E+23;07/01/2025 19:23;1,09E+23;1,88E+23;07/01/2025 0:00;@el_pais
1,88E+23;07/01/2025 14:39;1522922574;1,88E+23;07/01/2025 0:00;@el_pais
1,88E+23;07/01/2025 15:14;1,81E+23;1,88E+23;07/01/2025 0:00;@el_pais
1,88E+23;07/01/2025 15:15;1,68E+23;1,88E+23;07/01/2025 0:00;@el_pais
1,88E+23;07/01/2025 17:10;1,53E+23;1,88E+23;07/01/2025 0:00;@el_pais
1,88E+23;07/01/2025 15:09;1,83E+23;1,88E+23;07/01/2025 0:00;@el_pais
1,88E+23;07/01/2025 14:54;1635303667;1,88E+23;07/01/2025 0:00;@el_pais
1,88E+23;07/01/2025 18:02;1,10E+23;1,88E+23;07/01/2025 0:00;@el_pais
1,88E+23;07/01/2025 19:51;1,20E+23;1,88E+23;07/01/2025 0:00;@el_pais
1,88E+23;07/01/2025 17:59;9,20E+22;1,88E+23;07/01/2025 0:00;@el_pais
1,88E+23;07/01/2025 21:14;1,87E+23;1,88E+23;07/01/2025 0:00;@el_pais
1,88E+23;07/01/2025 15:51;3369993329;1,88E+23;07/01/2025 0:00;@el_pais
1,88E+23;07/01/2025 17:35;1,08E+23;1,88E+23;07/01/2025 0:00;@el_pais
1,88E+23;07/01/2025 14:31;188884553;1,88E+23;07/01/2025 0:00;@el_pais
1,88E+23;07/01/2025 15:52;3369993329;1,88E+23;07/01/2025 0:00;@el_pais
1,88E+22;08/01/2025 7:53;606624104;1,88E+23;07/01/2025 0:00;@el_pais
1,88E+23;07/01/2025 15:28;1,75E+23;1,88E+23;07/01/2025 0:00;@el_pais
1,88E+23;07/01/2025 14:53;1,82E+23;1,88E+23;07/01/2025 0:00;@el_pais
1,88E+23;08/01/2025 8:42;108541858;1,88E+23;07/01/2025 0:00;@el_pais
1,88E+23;07/01/2025 15:27;1,46E+23;1,88E+23;07/01/2025 0:00;@el_pais
1,91E+23;04/04/2025 13:20;3095675532;1,91E+22;03/04/2025 0:00;@eldiarioes
1,91E+23;03/04/2025 18:07;9,13E+22;1,91E+22;03/04/2025 0:00;@eldiarioes
1,91E+22;03/04/2025 14:20;1,49E+23;1,91E+22;03/04/2025 0:00;@eldiarioes
1,91E+23;03/04/2025 10:46;1,37E+21;1,91E+23;03/04/2025 0:00;@eldiarioes
1,91E+23;03/04/2025 8:38;232581127;1,91E+23;03/04/2025 0:00;@eldiarioes
1,88E+23;22/01/2025 21:00;1,86E+23;1,88E+23;22/01/2025 0:00;@eldiarioes
1,88E+23;22/01/2025 20:35;3480810148;1,88E+23;22/01/2025 0:00;@eldiarioes
1,88E+23;22/01/2025 20:31;391591759;1,88E+23;22/01/2025 0:00;@eldiarioes
1,88E+23;22/01/2025 19:58;221336249;1,88E+23;22/01/2025 0:00;@eldiarioes
1,88E+23;20/01/2025 23:36;1,48E+23;1,88E+23;20/01/2025 0:00;@eldiarioes
1,88E+23;22/01/2025 6:08;1,68E+23;1,88E+23;20/01/2025 0:00;@eldiarioes
1,88E+23;21/01/2025 6:34;1,27E+23;1,88E+23;20/01/2025 0:00;@eldiarioes
1,88E+22;21/01/2025 0:26;369253817;1,88E+23;20/01/2025 0:00;@eldiarioes
1,88E+23;20/01/2025 23:14;1,64E+23;1,88E+23;20/01/2025 0:00;@eldiarioes
1,88E+23;20/01/2025 23:10;9,13E+22;1,88E+23;20/01/2025 0:00;@eldiarioes
1,88E+23;16/01/2025 17:20;369253817;1,88E+23;16/01/2025 0:00;@eldiarioes
1,88E+23;16/01/2025 17:09;1855963825;1,88E+23;16/01/2025 0:00;@eldiarioes
1,88E+23;17/01/2025 8:59;1,21E+23;1,88E+23;16/01/2025 0:00;@eldiarioes
1,88E+23;15/01/2025 1:15;2410750033;1,88E+23;15/01/2025 0:00;@eldiarioes
1,88E+23;15/01/2025 0:49;773679626;1,88E+23;15/01/2025 0:00;@eldiarioes
1,88E+23;15/01/2025 0:55;1,57E+23;1,88E+23;15/01/2025 0:00;@eldiarioes
1,88E+22;15/01/2025 18:27;1,46E+23;1,88E+23;15/01/2025 0:00;@eldiarioes
1,88E+23;15/01/2025 8:38;7,95E+22;1,88E+23;15/01/2025 0:00;@eldiarioes
1,88E+23;15/01/2025 3:16;1,43E+23;1,88E+23;15/01/2025 0:00;@eldiarioes
1,88E+23;15/01/2025 1:06;8,28E+22;1,88E+23;15/01/2025 0:00;@eldiarioes
1,88E+23;15/01/2025 0:59;1,81E+23;1,88E+23;15/01/2025 0:00;@eldiarioes
1,88E+23;09/01/2025 9:40;1,39E+23;1,88E+23;09/01/2025 0:00;@eldiarioes
1,88E+23;08/01/2025 4:49;327898110;1,88E+23;08/01/2025 0:00;@elmundoes
1,88E+23;08/01/2025 6:02;1,59E+22;1,88E+23;08/01/2025 0:00;@elmundoes
1,88E+21;08/01/2025 14:43;292934441;1,88E+23;08/01/2025 0:00;@elmundoes
1,88E+21;08/01/2025 14:42;1,24E+23;1,88E+23;08/01/2025 0:00;@elmundoes
1,88E+23;08/01/2025 8:13;1,61E+23;1,88E+23;08/01/2025 0:00;@elmundoes
1,88E+23;08/01/2025 13:12;1,26E+23;1,88E+23;08/01/2025 0:00;@elmundoes
1,88E+23;08/01/2025 7:15;1,77E+23;1,88E+23;08/01/2025 0:00;@elmundoes
1,88E+23;08/01/2025 7:21;1,87E+23;1,88E+23;08/01/2025 0:00;@elmundoes
1,88E+23;08/01/2025 6:45;1,45E+23;1,88E+23;08/01/2025 0:00;@elmundoes
1,88E+23;08/01/2025 6:13;1,49E+22;1,88E+23;08/01/2025 0:00;@elmundoes
1,88E+22;08/01/2025 7:36;1,68E+23;1,88E+23;08/01/2025 0:00;@elmundoes
1,88E+23;08/01/2025 6:51;7,52E+22;1,88E+23;08/01/2025 0:00;@elmundoes
1,88E+23;08/01/2025 5:02;140865592;1,88E+23;08/01/2025 0:00;@elmundoes
1,88E+23;08/01/2025 5:01;140865592;1,88E+23;08/01/2025 0:00;@elmundoes
1,88E+23;08/01/2025 5:01;140865592;1,88E+23;08/01/2025 0:00;@elmundoes
1,88E+23;08/01/2025 5:01;140865592;1,88E+23;08/01/2025 0:00;@elmundoes
1,88E+23;07/01/2025 16:39;4853110385;1,88E+23;07/01/2025 0:00;@elmundoes
1,88E+23;07/01/2025 17:36;445496156;1,88E+23;07/01/2025 0:00;@elmundoes
1,88E+23;07/01/2025 16:41;56226778;1,88E+23;07/01/2025 0:00;@elmundoes
1,88E+23;08/01/2025 16:28;532213628;1,88E+23;07/01/2025 0:00;@elmundoes
1,88E+23;07/01/2025 16:21;3296908845;1,88E+23;07/01/2025 0:00;@elmundoes
1,88E+23;07/01/2025 16:14;1,83E+23;1,88E+23;07/01/2025 0:00;@elmundoes
1,88E+22;07/01/2025 18:53;8,56E+22;1,88E+23;07/01/2025 0:00;@elmundoes
1,88E+23;07/01/2025 16:15;1,83E+23;1,88E+23;07/01/2025 0:00;@elmundoes
1,88E+23;10/01/2025 21:23;1,71E+23;1,88E+23;10/01/2025 0:00;@gazetesozcu
1,88E+23;15/01/2025 8:16;61189897;1,88E+23;15/01/2025 0:00;@Haberturk
1,88E+23;15/01/2025 8:29;1,53E+23;1,88E+23;15/01/2025 0:00;@Haberturk
1,88E+23;15/01/2025 9:15;1,49E+23;1,88E+23;15/01/2025 0:00;@Haberturk
1,88E+23;15/01/2025 8:29;284265391;1,88E+23;15/01/2025 0:00;@Haberturk
1,90E+23;06/03/2025 18:49;33290671;1,90E+23;06/03/2025 0:00;@nypost
1,90E+23;06/03/2025 18:17;1309603015;1,90E+23;06/03/2025 0:00;@nypost
1,90E+23;06/03/2025 19:27;7,49E+22;1,90E+23;06/03/2025 0:00;@nypost
1,90E+23;06/03/2025 18:19;1,66E+21;1,90E+23;06/03/2025 0:00;@nypost
1,90E+23;06/03/2025 19:23;21564446;1,90E+23;06/03/2025 0:00;@nypost
1,90E+23;06/03/2025 19:08;29894001;1,90E+23;06/03/2025 0:00;@nypost
1,90E+23;06/03/2025 18:18;1,88E+23;1,90E+23;06/03/2025 0:00;@nypost
1,90E+23;06/03/2025 18:50;1,59E+23;1,90E+23;06/03/2025 0:00;@nypost
1,90E+23;06/03/2025 18:22;270116795;1,90E+23;06/03/2025 0:00;@nypost
1,90E+23;06/03/2025 19:54;2901296203;1,90E+23;06/03/2025 0:00;@nypost
1,90E+23;06/03/2025 20:32;7,54E+22;1,90E+23;06/03/2025 0:00;@nypost
1,90E+23;06/03/2025 18:42;227550064;1,90E+23;06/03/2025 0:00;@nypost
1,90E+23;06/03/2025 18:58;1,86E+23;1,90E+23;06/03/2025 0:00;@nypost
1,90E+23;06/03/2025 18:24;1,85E+23;1,90E+23;06/03/2025 0:00;@nypost
1,90E+23;06/03/2025 19:42;1,80E+23;1,90E+23;06/03/2025 0:00;@nypost
1,90E+23;06/03/2025 18:18;8,27E+22;1,90E+23;06/03/2025 0:00;@nypost
1,90E+23;07/03/2025 0:31;28757842;1,90E+23;06/03/2025 0:00;@nypost
1,90E+23;06/03/2025 18:46;109351398;1,90E+23;06/03/2025 0:00;@nypost
1,90E+23;06/03/2025 18:56;8,00E+22;1,90E+23;06/03/2025 0:00;@nypost
1,90E+23;06/03/2025 18:18;1,85E+23;1,90E+23;06/03/2025 0:00;@nypost
1,90E+23;06/03/2025 19:34;1,86E+22;1,90E+23;06/03/2025 0:00;@nypost
1,90E+23;06/03/2025 19:55;9,53E+22;1,90E+23;06/03/2025 0:00;@nypost
1,90E+23;06/03/2025 19:54;1,67E+23;1,90E+23;06/03/2025 0:00;@nypost
1,90E+23;06/03/2025 18:47;1,55E+23;1,90E+23;06/03/2025 0:00;@nypost
1,90E+23;07/03/2025 3:28;1,67E+23;1,90E+23;06/03/2025 0:00;@nypost
1,90E+23;06/03/2025 19:43;63057181;1,90E+23;06/03/2025 0:00;@nypost
1,90E+23;06/03/2025 18:27;1,83E+23;1,90E+23;06/03/2025 0:00;@nypost
1,90E+23;06/03/2025 18:48;1,88E+23;1,90E+23;06/03/2025 0:00;@nypost
1,90E+23;06/03/2025 18:55;1,51E+23;1,90E+23;06/03/2025 0:00;@nypost
1,90E+23;06/03/2025 18:44;32887748;1,90E+23;06/03/2025 0:00;@nypost
1,90E+23;06/03/2025 19:04;1,59E+23;1,90E+23;06/03/2025 0:00;@nypost
1,90E+23;06/03/2025 18:46;8,82E+22;1,90E+23;06/03/2025 0:00;@nypost
1,90E+23;06/03/2025 20:11;1,45E+23;1,90E+23;06/03/2025 0:00;@nypost
1,90E+23;06/03/2025 18:52;1,87E+22;1,90E+23;06/03/2025 0:00;@nypost
1,90E+23;06/03/2025 19:09;1,85E+23;1,90E+23;06/03/2025 0:00;@nypost
1,90E+23;06/03/2025 18:37;2735279040;1,90E+23;06/03/2025 0:00;@nypost
1,89E+23;21/02/2025 15:26;1,69E+23;1,89E+23;21/02/2025 0:00;@nypost
1,89E+23;21/02/2025 15:08;1,47E+23;1,89E+23;21/02/2025 0:00;@nypost
1,89E+23;21/02/2025 15:10;1,62E+23;1,89E+23;21/02/2025 0:00;@nypost
1,89E+23;21/02/2025 15:09;1,81E+23;1,89E+23;21/02/2025 0:00;@nypost
1,89E+23;21/02/2025 15:09;1,58E+23;1,89E+23;21/02/2025 0:00;@nypost
1,89E+23;21/02/2025 15:09;1,49E+23;1,89E+23;21/02/2025 0:00;@nypost
1,89E+23;21/02/2025 15:18;1,59E+23;1,89E+23;21/02/2025 0:00;@nypost
1,89E+23;21/02/2025 15:18;1,81E+23;1,89E+23;21/02/2025 0:00;@nypost
1,89E+23;21/02/2025 15:18;2330428670;1,89E+23;21/02/2025 0:00;@nypost
1,89E+23;21/02/2025 15:13;318569678;1,89E+23;21/02/2025 0:00;@nypost
1,89E+23;21/02/2025 16:52;519976943;1,89E+23;21/02/2025 0:00;@nypost
1,89E+23;21/02/2025 15:11;1,40E+23;1,89E+23;21/02/2025 0:00;@nypost
1,89E+23;21/02/2025 15:22;2401087727;1,89E+23;21/02/2025 0:00;@nypost
1,89E+23;21/02/2025 15:20;1,59E+23;1,89E+23;21/02/2025 0:00;@nypost
1,89E+23;21/02/2025 15:42;1,75E+23;1,89E+23;21/02/2025 0:00;@nypost
1,89E+23;21/02/2025 15:57;1,25E+22;1,89E+23;21/02/2025 0:00;@nypost
1,89E+23;21/02/2025 15:22;1,86E+23;1,89E+23;21/02/2025 0:00;@nypost
1,89E+23;21/02/2025 15:09;1,19E+23;1,89E+23;21/02/2025 0:00;@nypost
1,89E+23;21/02/2025 15:27;3395535717;1,89E+23;21/02/2025 0:00;@nypost
1,89E+23;21/02/2025 15:25;3395535717;1,89E+23;21/02/2025 0:00;@nypost
1,88E+23;13/01/2025 17:11;1,48E+23;1,88E+23;13/01/2025 0:00;@nypost
1,88E+23;13/01/2025 16:45;219809191;1,88E+23;13/01/2025 0:00;@nypost
1,88E+23;13/01/2025 16:49;1,59E+23;1,88E+23;13/01/2025 0:00;@nypost
1,88E+23;13/01/2025 16:47;33766759;1,88E+23;13/01/2025 0:00;@nypost
1,88E+23;13/01/2025 16:58;1,46E+23;1,88E+23;13/01/2025 0:00;@nypost
1,88E+23;13/01/2025 16:53;8,91E+22;1,88E+23;13/01/2025 0:00;@nypost
1,88E+23;13/01/2025 17:02;1,56E+23;1,88E+23;13/01/2025 0:00;@nypost
1,88E+23;13/01/2025 17:26;1,42E+23;1,88E+23;13/01/2025 0:00;@nypost
1,88E+23;13/01/2025 16:44;1,75E+23;1,88E+23;13/01/2025 0:00;@nypost
1,88E+23;13/01/2025 16:45;1,29E+23;1,88E+23;13/01/2025 0:00;@nypost
1,88E+23;13/01/2025 16:46;1,48E+23;1,88E+23;13/01/2025 0:00;@nypost
1,88E+23;13/01/2025 16:55;3274923696;1,88E+23;13/01/2025 0:00;@nypost
1,88E+23;13/01/2025 16:46;1,85E+23;1,88E+23;13/01/2025 0:00;@nypost
1,88E+23;13/01/2025 16:46;1,52E+23;1,88E+23;13/01/2025 0:00;@nypost
1,88E+23;13/01/2025 17:43;1,51E+23;1,88E+23;13/01/2025 0:00;@nypost
1,88E+23;13/01/2025 16:54;532664440;1,88E+23;13/01/2025 0:00;@nypost
1,88E+23;13/01/2025 16:53;2382556549;1,88E+23;13/01/2025 0:00;@nypost
1,88E+23;13/01/2025 16:53;1,58E+23;1,88E+23;13/01/2025 0:00;@nypost
1,88E+23;13/01/2025 17:30;1,83E+23;1,88E+23;13/01/2025 0:00;@nypost
1,88E+23;13/01/2025 17:27;4697958108;1,88E+23;13/01/2025 0:00;@nypost
1,88E+23;13/01/2025 16:50;1,66E+23;1,88E+23;13/01/2025 0:00;@nypost
1,88E+23;13/01/2025 16:49;1,45E+21;1,88E+23;13/01/2025 0:00;@nypost
1,88E+23;13/01/2025 17:04;2327923932;1,88E+23;13/01/2025 0:00;@nypost
1,88E+23;13/01/2025 17:00;634004353;1,88E+23;13/01/2025 0:00;@nypost
1,88E+23;13/01/2025 20:51;1,83E+23;1,88E+23;13/01/2025 0:00;@nypost
1,88E+23;13/01/2025 16:57;1,76E+23;1,88E+23;13/01/2025 0:00;@nypost
1,88E+23;13/01/2025 16:55;1,71E+23;1,88E+23;13/01/2025 0:00;@nypost
1,88E+23;13/01/2025 17:38;1,59E+23;1,88E+23;13/01/2025 0:00;@nypost
1,88E+23;13/01/2025 16:48;20640476;1,88E+23;13/01/2025 0:00;@nypost
1,88E+23;13/01/2025 17:55;1,75E+23;1,88E+23;13/01/2025 0:00;@nypost
1,88E+23;13/01/2025 20:54;1,66E+23;1,88E+23;13/01/2025 0:00;@nypost
1,88E+23;13/01/2025 16:48;28735976;1,88E+23;13/01/2025 0:00;@nypost
1,88E+23;13/01/2025 16:52;1063784652;1,88E+23;13/01/2025 0:00;@nypost
1,88E+23;13/01/2025 17:05;1,49E+21;1,88E+23;13/01/2025 0:00;@nypost
1,88E+23;13/01/2025 16:54;7,52E+22;1,88E+23;13/01/2025 0:00;@nypost
1,88E+23;13/01/2025 16:45;1575622086;1,88E+23;13/01/2025 0:00;@nypost
1,88E+23;13/01/2025 16:49;1,84E+23;1,88E+23;13/01/2025 0:00;@nypost
1,88E+23;13/01/2025 16:52;83254729;1,88E+23;13/01/2025 0:00;@nypost
1,88E+23;13/01/2025 16:58;1,36E+23;1,88E+23;13/01/2025 0:00;@nypost
1,88E+23;13/01/2025 16:47;1,82E+23;1,88E+23;13/01/2025 0:00;@nypost
1,88E+23;11/01/2025 3:51;2902031256;1,88E+23;11/01/2025 0:00;@nypost
1,88E+23;11/01/2025 3:44;343781572;1,88E+23;11/01/2025 0:00;@nypost
1,88E+23;11/01/2025 4:05;1,52E+23;1,88E+23;11/01/2025 0:00;@nypost
1,88E+23;11/01/2025 3:53;4803685273;1,88E+23;11/01/2025 0:00;@nypost
1,88E+23;11/01/2025 3:46;1,59E+23;1,88E+23;11/01/2025 0:00;@nypost
1,88E+23;11/01/2025 3:53;1,30E+23;1,88E+23;11/01/2025 0:00;@nypost
1,88E+23;11/01/2025 3:49;8,78E+22;1,88E+23;11/01/2025 0:00;@nypost
1,88E+23;11/01/2025 3:43;7,56E+21;1,88E+23;11/01/2025 0:00;@nypost
1,88E+23;11/01/2025 4:04;8,06E+22;1,88E+23;11/01/2025 0:00;@nypost
1,88E+23;11/01/2025 3:41;1,79E+23;1,88E+23;11/01/2025 0:00;@nypost
1,88E+23;11/01/2025 3:44;1,84E+23;1,88E+23;11/01/2025 0:00;@nypost
1,88E+23;11/01/2025 3:57;8,19E+22;1,88E+23;11/01/2025 0:00;@nypost
1,88E+23;11/01/2025 4:15;1,71E+23;1,88E+23;11/01/2025 0:00;@nypost
1,88E+23;11/01/2025 4:19;1,54E+23;1,88E+23;11/01/2025 0:00;@nypost
1,88E+23;11/01/2025 3:44;270191518;1,88E+23;11/01/2025 0:00;@nypost
1,88E+23;11/01/2025 3:43;453322416;1,88E+23;11/01/2025 0:00;@nypost
1,88E+23;11/01/2025 3:43;1,86E+23;1,88E+23;11/01/2025 0:00;@nypost
1,88E+23;11/01/2025 3:43;40039456;1,88E+23;11/01/2025 0:00;@nypost
1,88E+23;11/01/2025 3:43;1,45E+23;1,88E+23;11/01/2025 0:00;@nypost
1,88E+23;11/01/2025 3:45;29926646;1,88E+23;11/01/2025 0:00;@nypost
1,88E+23;11/01/2025 3:55;1,59E+23;1,88E+23;11/01/2025 0:00;@nypost
1,88E+23;11/01/2025 4:47;45914605;1,88E+23;11/01/2025 0:00;@nypost
1,88E+23;11/01/2025 4:00;46719293;1,88E+23;11/01/2025 0:00;@nypost
1,88E+23;11/01/2025 3:50;131934248;1,88E+23;11/01/2025 0:00;@nypost
1,88E+23;11/01/2025 3:47;1,44E+23;1,88E+23;11/01/2025 0:00;@nypost
1,88E+23;11/01/2025 3:42;8,65E+22;1,88E+23;11/01/2025 0:00;@nypost
1,88E+23;11/01/2025 3:46;282250639;1,88E+23;11/01/2025 0:00;@nypost
1,88E+23;11/01/2025 4:16;1,36E+23;1,88E+23;11/01/2025 0:00;@nypost
1,88E+23;11/01/2025 4:08;1,52E+23;1,88E+23;11/01/2025 0:00;@nypost
1,88E+23;11/01/2025 4:15;1,61E+22;1,88E+23;11/01/2025 0:00;@nypost
1,88E+23;11/01/2025 4:11;1,51E+23;1,88E+23;11/01/2025 0:00;@nypost
1,88E+23;11/01/2025 5:00;63621284;1,88E+23;11/01/2025 0:00;@nypost
1,88E+23;11/01/2025 5:23;1,59E+23;1,88E+23;11/01/2025 0:00;@nypost
1,88E+23;11/01/2025 4:28;106196570;1,88E+23;11/01/2025 0:00;@nypost
1,88E+23;11/01/2025 15:00;1,64E+22;1,88E+23;11/01/2025 0:00;@nypost
1,88E+23;11/01/2025 3:54;1600286874;1,88E+23;11/01/2025 0:00;@nypost
1,88E+22;10/01/2025 19:43;32598110;1,88E+22;10/01/2025 0:00;@nypost
1,88E+22;10/01/2025 19:46;343781572;1,88E+22;10/01/2025 0:00;@nypost
1,88E+22;10/01/2025 19:37;1,52E+23;1,88E+22;10/01/2025 0:00;@nypost
1,88E+22;10/01/2025 19:37;1,59E+23;1,88E+22;10/01/2025 0:00;@nypost
1,88E+22;10/01/2025 19:36;1,86E+23;1,88E+22;10/01/2025 0:00;@nypost
1,88E+22;10/01/2025 19:38;1,69E+23;1,88E+22;10/01/2025 0:00;@nypost
1,88E+22;10/01/2025 19:37;1,69E+23;1,88E+22;10/01/2025 0:00;@nypost
1,88E+22;10/01/2025 19:46;2204338525;1,88E+22;10/01/2025 0:00;@nypost
1,88E+22;10/01/2025 19:36;14709768;1,88E+22;10/01/2025 0:00;@nypost
1,88E+22;10/01/2025 19:39;1,63E+23;1,88E+22;10/01/2025 0:00;@nypost
1,88E+22;10/01/2025 19:44;7,48E+22;1,88E+22;10/01/2025 0:00;@nypost
1,88E+22;10/01/2025 19:42;7,48E+22;1,88E+22;10/01/2025 0:00;@nypost
1,88E+22;11/01/2025 2:15;1,75E+23;1,88E+22;10/01/2025 0:00;@nypost
1,88E+22;10/01/2025 19:36;53500451;1,88E+22;10/01/2025 0:00;@nypost
1,88E+22;10/01/2025 19:38;1,68E+23;1,88E+22;10/01/2025 0:00;@nypost
1,88E+22;10/01/2025 19:39;1,47E+23;1,88E+22;10/01/2025 0:00;@nypost
1,88E+22;10/01/2025 19:37;9,83E+22;1,88E+22;10/01/2025 0:00;@nypost
1,88E+22;10/01/2025 19:46;1,52E+23;1,88E+22;10/01/2025 0:00;@nypost
1,88E+23;10/01/2025 20:13;1,86E+23;1,88E+22;10/01/2025 0:00;@nypost
1,88E+23;10/01/2025 20:16;1,80E+23;1,88E+22;10/01/2025 0:00;@nypost
1,88E+22;10/01/2025 19:46;1,52E+23;1,88E+22;10/01/2025 0:00;@nypost
1,88E+23;10/01/2025 20:32;1,55E+23;1,88E+22;10/01/2025 0:00;@nypost
1,88E+23;10/01/2025 20:23;1,70E+23;1,88E+22;10/01/2025 0:00;@nypost
1,88E+22;10/01/2025 19:37;1,49E+23;1,88E+22;10/01/2025 0:00;@nypost
1,88E+23;10/01/2025 20:32;1,45E+23;1,88E+22;10/01/2025 0:00;@nypost
1,88E+23;09/01/2025 17:33;1,48E+23;1,88E+23;09/01/2025 0:00;@nypost
1,88E+23;09/01/2025 17:33;1,73E+23;1,88E+23;09/01/2025 0:00;@nypost
1,88E+23;09/01/2025 17:36;1,59E+23;1,88E+23;09/01/2025 0:00;@nypost
1,88E+23;09/01/2025 17:33;1,84E+23;1,88E+23;09/01/2025 0:00;@nypost
1,88E+23;09/01/2025 17:33;1,09E+23;1,88E+23;09/01/2025 0:00;@nypost
1,88E+23;09/01/2025 17:34;1,27E+22;1,88E+23;09/01/2025 0:00;@nypost
1,88E+23;09/01/2025 17:35;1,72E+23;1,88E+23;09/01/2025 0:00;@nypost
1,88E+23;09/01/2025 17:45;4487690476;1,88E+23;09/01/2025 0:00;@nypost
1,88E+23;09/01/2025 17:35;7,80E+22;1,88E+23;09/01/2025 0:00;@nypost
1,88E+23;09/01/2025 17:36;1,70E+23;1,88E+23;09/01/2025 0:00;@nypost
1,88E+23;09/01/2025 17:35;1,35E+23;1,88E+23;09/01/2025 0:00;@nypost
1,88E+23;09/01/2025 17:33;1,12E+23;1,88E+23;09/01/2025 0:00;@nypost
1,88E+23;09/01/2025 17:46;1,83E+23;1,88E+23;09/01/2025 0:00;@nypost
1,88E+23;09/01/2025 18:29;1,71E+23;1,88E+23;09/01/2025 0:00;@nypost
1,88E+23;09/01/2025 17:37;1,44E+23;1,88E+23;09/01/2025 0:00;@nypost
1,88E+23;09/01/2025 17:36;8,67E+22;1,88E+23;09/01/2025 0:00;@nypost
1,88E+23;09/01/2025 17:38;1,58E+23;1,88E+23;09/01/2025 0:00;@nypost
1,88E+23;09/01/2025 17:48;1,80E+23;1,88E+23;09/01/2025 0:00;@nypost
1,88E+23;09/01/2025 17:38;1,26E+23;1,88E+23;09/01/2025 0:00;@nypost
1,88E+23;09/01/2025 17:34;1,59E+23;1,88E+23;09/01/2025 0:00;@nypost
1,88E+23;09/01/2025 17:51;588755712;1,88E+23;09/01/2025 0:00;@nypost
1,88E+23;09/01/2025 17:39;1176763194;1,88E+23;09/01/2025 0:00;@nypost
1,88E+23;09/01/2025 18:03;258401499;1,88E+23;09/01/2025 0:00;@nypost
1,88E+23;09/01/2025 17:40;1,85E+23;1,88E+23;09/01/2025 0:00;@nypost
1,88E+23;09/01/2025 21:58;1,66E+23;1,88E+23;09/01/2025 0:00;@nypost
1,88E+23;09/01/2025 17:57;8,14E+22;1,88E+23;09/01/2025 0:00;@nypost
1,88E+23;09/01/2025 17:33;1,86E+23;1,88E+23;09/01/2025 0:00;@nypost
1,88E+23;09/01/2025 18:20;1,85E+23;1,88E+23;09/01/2025 0:00;@nypost
1,88E+23;09/01/2025 17:43;1,85E+23;1,88E+23;09/01/2025 0:00;@nypost
1,88E+23;09/01/2025 17:50;1,14E+23;1,88E+23;09/01/2025 0:00;@nypost
1,88E+23;09/01/2025 18:23;1,83E+23;1,88E+23;09/01/2025 0:00;@nypost
1,88E+23;09/01/2025 17:33;1,51E+23;1,88E+23;09/01/2025 0:00;@nypost
1,88E+23;09/01/2025 17:42;1,45E+23;1,88E+23;09/01/2025 0:00;@nypost
1,88E+23;10/01/2025 4:01;304996699;1,88E+23;09/01/2025 0:00;@nypost
1,88E+23;09/01/2025 17:38;741562159;1,88E+23;09/01/2025 0:00;@nypost
1,88E+23;09/01/2025 18:44;898946995;1,88E+22;09/01/2025 0:00;@nypost
1,88E+22;09/01/2025 16:59;1,41E+21;1,88E+22;09/01/2025 0:00;@nypost
1,88E+23;09/01/2025 17:23;1,79E+23;1,88E+22;09/01/2025 0:00;@nypost
1,88E+22;09/01/2025 16:59;1,57E+23;1,88E+22;09/01/2025 0:00;@nypost
1,88E+22;09/01/2025 17:13;392444278;1,88E+22;09/01/2025 0:00;@nypost
1,88E+22;09/01/2025 17:17;109855043;1,88E+22;09/01/2025 0:00;@nypost
1,88E+23;10/01/2025 0:06;134940700;1,88E+22;09/01/2025 0:00;@nypost
1,88E+22;09/01/2025 17:00;1,73E+23;1,88E+22;09/01/2025 0:00;@nypost
1,88E+22;09/01/2025 16:58;447923866;1,88E+22;09/01/2025 0:00;@nypost
1,88E+22;09/01/2025 16:58;1,82E+23;1,88E+22;09/01/2025 0:00;@nypost
1,88E+22;09/01/2025 17:07;1,88E+23;1,88E+22;09/01/2025 0:00;@nypost
1,88E+22;09/01/2025 17:00;7,48E+22;1,88E+22;09/01/2025 0:00;@nypost
1,88E+22;09/01/2025 17:08;1,85E+23;1,88E+22;09/01/2025 0:00;@nypost
1,88E+23;10/01/2025 3:28;1,65E+23;1,88E+22;09/01/2025 0:00;@nypost
1,88E+22;09/01/2025 17:19;1,13E+22;1,88E+22;09/01/2025 0:00;@nypost
1,88E+22;09/01/2025 17:18;1,83E+23;1,88E+22;09/01/2025 0:00;@nypost
1,88E+22;09/01/2025 17:18;1,83E+23;1,88E+22;09/01/2025 0:00;@nypost
1,88E+22;09/01/2025 17:01;1,83E+23;1,88E+22;09/01/2025 0:00;@nypost
1,88E+22;09/01/2025 17:01;27741247;1,88E+22;09/01/2025 0:00;@nypost
1,88E+22;09/01/2025 17:19;1235570179;1,88E+22;09/01/2025 0:00;@nypost
1,88E+22;09/01/2025 16:58;1,85E+22;1,88E+22;09/01/2025 0:00;@nypost
1,88E+23;09/01/2025 18:41;506886085;1,88E+22;09/01/2025 0:00;@nypost
1,88E+23;09/01/2025 19:57;92518049;1,88E+22;09/01/2025 0:00;@nypost
1,88E+22;09/01/2025 16:57;1,79E+23;1,88E+22;09/01/2025 0:00;@nypost
1,88E+22;09/01/2025 16:58;1,64E+23;1,88E+22;09/01/2025 0:00;@nypost
1,88E+22;09/01/2025 17:00;1,35E+23;1,88E+22;09/01/2025 0:00;@nypost
1,88E+23;09/01/2025 18:31;1,11E+23;1,88E+22;09/01/2025 0:00;@nypost
1,88E+23;09/01/2025 17:39;321743011;1,88E+22;09/01/2025 0:00;@nypost
1,88E+23;08/01/2025 16:21;1,69E+23;1,88E+23;08/01/2025 0:00;@nypost
1,88E+23;08/01/2025 16:24;1,52E+22;1,88E+23;08/01/2025 0:00;@nypost
1,88E+23;08/01/2025 16:32;1955786760;1,88E+23;08/01/2025 0:00;@nypost
1,88E+23;08/01/2025 17:03;8,19E+22;1,88E+23;08/01/2025 0:00;@nypost
1,88E+23;08/01/2025 16:19;1,68E+23;1,88E+23;08/01/2025 0:00;@nypost
1,88E+23;08/01/2025 16:37;9,01E+22;1,88E+23;08/01/2025 0:00;@nypost
1,88E+23;08/01/2025 16:26;1,20E+23;1,88E+23;08/01/2025 0:00;@nypost
1,88E+23;08/01/2025 16:48;1,15E+23;1,88E+23;08/01/2025 0:00;@nypost
1,88E+23;08/01/2025 16:18;1,64E+23;1,88E+23;08/01/2025 0:00;@nypost
1,88E+23;08/01/2025 16:21;1,66E+23;1,88E+23;08/01/2025 0:00;@nypost
1,88E+23;08/01/2025 16:18;356282741;1,88E+23;08/01/2025 0:00;@nypost
1,88E+23;08/01/2025 16:19;1,21E+23;1,88E+23;08/01/2025 0:00;@nypost
1,88E+23;08/01/2025 16:46;1,63E+23;1,88E+23;08/01/2025 0:00;@nypost
1,88E+23;08/01/2025 16:26;124946841;1,88E+23;08/01/2025 0:00;@nypost
1,88E+23;08/01/2025 16:22;85180302;1,88E+23;08/01/2025 0:00;@nypost
1,88E+23;08/01/2025 16:30;1,68E+22;1,88E+23;08/01/2025 0:00;@nypost
1,88E+23;08/01/2025 16:23;1,59E+23;1,88E+23;08/01/2025 0:00;@nypost
1,88E+23;08/01/2025 16:33;1,82E+23;1,88E+23;08/01/2025 0:00;@nypost
1,88E+23;08/01/2025 16:28;1,28E+23;1,88E+23;08/01/2025 0:00;@nypost
1,88E+23;13/01/2025 14:23;1,45E+23;1,88E+23;08/01/2025 0:00;@nypost
1,88E+23;13/01/2025 14:22;1,45E+23;1,88E+23;08/01/2025 0:00;@nypost
1,88E+23;08/01/2025 16:33;1,52E+22;1,88E+23;08/01/2025 0:00;@nypost
1,88E+23;08/01/2025 16:35;7,96E+22;1,88E+23;08/01/2025 0:00;@nypost
1,88E+23;08/01/2025 16:38;1,33E+23;1,88E+23;08/01/2025 0:00;@nypost
1,88E+23;08/01/2025 16:30;1,62E+23;1,88E+23;08/01/2025 0:00;@nypost
1,88E+23;08/01/2025 16:59;1635638846;1,88E+23;08/01/2025 0:00;@nypost
1,88E+23;08/01/2025 17:20;68423830;1,88E+23;08/01/2025 0:00;@nypost
1,88E+23;08/01/2025 17:02;8,65E+22;1,88E+23;08/01/2025 0:00;@nypost
1,88E+23;08/01/2025 16:31;1955786760;1,88E+23;08/01/2025 0:00;@nypost
1,88E+23;08/01/2025 16:19;1,35E+23;1,88E+23;08/01/2025 0:00;@nypost
1,88E+23;08/01/2025 16:18;1,79E+23;1,88E+23;08/01/2025 0:00;@nypost
1,88E+23;08/01/2025 16:54;1,78E+23;1,88E+23;08/01/2025 0:00;@nypost
1,88E+23;08/01/2025 16:21;1643289842;1,88E+23;08/01/2025 0:00;@nypost
1,88E+23;08/01/2025 16:25;1,36E+23;1,88E+23;08/01/2025 0:00;@nypost
1,88E+23;07/01/2025 22:01;1,39E+23;1,88E+23;07/01/2025 0:00;@nypost
1,88E+23;07/01/2025 22:05;1,73E+23;1,88E+23;07/01/2025 0:00;@nypost
1,88E+23;07/01/2025 22:12;37582765;1,88E+23;07/01/2025 0:00;@nypost
1,88E+23;07/01/2025 22:03;1,74E+23;1,88E+23;07/01/2025 0:00;@nypost
1,88E+23;08/01/2025 1:46;1,21E+23;1,88E+23;07/01/2025 0:00;@nypost
1,88E+23;07/01/2025 22:15;1,86E+23;1,88E+23;07/01/2025 0:00;@nypost
1,88E+23;07/01/2025 22:11;1,76E+23;1,88E+23;07/01/2025 0:00;@nypost
1,88E+23;07/01/2025 22:03;1,50E+22;1,88E+23;07/01/2025 0:00;@nypost
1,88E+23;07/01/2025 22:06;1,82E+22;1,88E+23;07/01/2025 0:00;@nypost
1,88E+23;07/01/2025 22:03;2693848200;1,88E+23;07/01/2025 0:00;@nypost
1,88E+23;07/01/2025 22:04;1,83E+23;1,88E+23;07/01/2025 0:00;@nypost
1,88E+23;07/01/2025 22:11;1,86E+23;1,88E+23;07/01/2025 0:00;@nypost
1,88E+23;07/01/2025 22:06;8,30E+22;1,88E+23;07/01/2025 0:00;@nypost
1,88E+23;07/01/2025 23:45;1,10E+23;1,88E+23;07/01/2025 0:00;@nypost
1,88E+23;07/01/2025 22:02;253428554;1,88E+23;07/01/2025 0:00;@nypost
1,88E+23;07/01/2025 22:04;2635505003;1,88E+23;07/01/2025 0:00;@nypost
1,88E+23;07/01/2025 22:03;28043113;1,88E+23;07/01/2025 0:00;@nypost
1,88E+23;09/01/2025 22:49;1,69E+23;1,88E+23;07/01/2025 0:00;@nypost
1,88E+23;07/01/2025 23:04;1,60E+23;1,88E+23;07/01/2025 0:00;@nypost
1,88E+23;07/01/2025 22:03;1,59E+23;1,88E+23;07/01/2025 0:00;@nypost
1,88E+23;07/01/2025 22:11;1,72E+23;1,88E+23;07/01/2025 0:00;@nypost
1,88E+23;08/01/2025 15:17;26167440;1,88E+23;07/01/2025 0:00;@nypost
1,88E+23;07/01/2025 23:18;1,59E+23;1,88E+23;07/01/2025 0:00;@nypost
1,88E+23;07/01/2025 22:08;1,59E+23;1,88E+23;07/01/2025 0:00;@nypost
1,88E+23;07/01/2025 22:17;1,56E+23;1,88E+23;07/01/2025 0:00;@nypost
1,88E+23;07/01/2025 22:21;1,51E+23;1,88E+23;07/01/2025 0:00;@nypost
1,88E+23;07/01/2025 22:06;619571236;1,88E+23;07/01/2025 0:00;@nypost
1,88E+23;08/01/2025 11:00;8,96E+22;1,88E+23;07/01/2025 0:00;@nypost
1,88E+23;07/01/2025 21:57;1,39E+23;1,88E+23;07/01/2025 0:00;@nypost
1,88E+23;07/01/2025 22:01;1,64E+23;1,88E+23;07/01/2025 0:00;@nypost
1,88E+23;07/01/2025 21:59;1,86E+23;1,88E+23;07/01/2025 0:00;@nypost
1,88E+23;07/01/2025 22:01;4487690476;1,88E+23;07/01/2025 0:00;@nypost
1,88E+23;07/01/2025 22:00;1,73E+23;1,88E+23;07/01/2025 0:00;@nypost
1,88E+23;07/01/2025 21:58;1,52E+23;1,88E+23;07/01/2025 0:00;@nypost
1,88E+23;07/01/2025 22:04;1,62E+23;1,88E+23;07/01/2025 0:00;@nypost
1,88E+23;07/01/2025 22:00;28712587;1,88E+23;07/01/2025 0:00;@nypost
1,88E+23;07/01/2025 21:58;8,06E+22;1,88E+23;07/01/2025 0:00;@nypost
1,88E+23;07/01/2025 22:04;906593395;1,88E+23;07/01/2025 0:00;@nypost
1,88E+23;07/01/2025 21:58;1,77E+23;1,88E+23;07/01/2025 0:00;@nypost
1,88E+21;08/01/2025 14:42;54756727;1,88E+23;07/01/2025 0:00;@nypost
1,88E+23;07/01/2025 22:01;1,44E+23;1,88E+23;07/01/2025 0:00;@nypost
1,88E+23;07/01/2025 21:58;1,30E+22;1,88E+23;07/01/2025 0:00;@nypost
1,88E+23;07/01/2025 22:51;117680059;1,88E+23;07/01/2025 0:00;@nypost
1,88E+23;08/01/2025 11:00;8,96E+22;1,88E+23;07/01/2025 0:00;@nypost
1,88E+23;07/01/2025 17:38;16478130;1,88E+23;07/01/2025 0:00;@nypost
1,88E+23;07/01/2025 17:50;1,48E+23;1,88E+23;07/01/2025 0:00;@nypost
1,88E+23;07/01/2025 17:54;1,82E+23;1,88E+23;07/01/2025 0:00;@nypost
1,88E+23;07/01/2025 17:39;1,42E+22;1,88E+23;07/01/2025 0:00;@nypost
1,88E+23;07/01/2025 17:37;1,62E+23;1,88E+23;07/01/2025 0:00;@nypost
1,88E+22;07/01/2025 18:43;22243120;1,88E+23;07/01/2025 0:00;@nypost
1,88E+23;07/01/2025 17:38;1,57E+23;1,88E+23;07/01/2025 0:00;@nypost
1,88E+22;07/01/2025 18:46;8,00E+21;1,88E+23;07/01/2025 0:00;@nypost
1,88E+23;07/01/2025 17:42;1,36E+23;1,88E+23;07/01/2025 0:00;@nypost
1,88E+23;07/01/2025 17:38;1,84E+23;1,88E+23;07/01/2025 0:00;@nypost
1,88E+22;07/01/2025 18:56;9,83E+22;1,88E+23;07/01/2025 0:00;@nypost
1,88E+23;07/01/2025 17:38;1,75E+23;1,88E+23;07/01/2025 0:00;@nypost
1,88E+23;07/01/2025 17:47;7,93E+22;1,88E+23;07/01/2025 0:00;@nypost
1,88E+23;07/01/2025 17:55;3011662058;1,88E+23;07/01/2025 0:00;@nypost
1,88E+23;07/01/2025 17:42;4487690476;1,88E+23;07/01/2025 0:00;@nypost
1,88E+23;07/01/2025 22:01;2211266432;1,88E+23;07/01/2025 0:00;@nypost
1,88E+23;17/01/2025 0:42;1,86E+23;1,88E+23;07/01/2025 0:00;@nypost
1,88E+23;07/01/2025 18:16;1,86E+22;1,88E+23;07/01/2025 0:00;@nypost
1,88E+23;07/01/2025 17:39;3062003174;1,88E+23;07/01/2025 0:00;@nypost
1,88E+23;07/01/2025 18:18;2791447011;1,88E+23;07/01/2025 0:00;@nypost
1,88E+23;07/01/2025 17:37;1,84E+23;1,88E+23;07/01/2025 0:00;@nypost
1,88E+23;07/01/2025 17:46;1,50E+23;1,88E+23;07/01/2025 0:00;@nypost
1,88E+22;07/01/2025 18:24;1,86E+23;1,88E+23;07/01/2025 0:00;@nypost
1,88E+23;07/01/2025 17:36;1,79E+23;1,88E+23;07/01/2025 0:00;@nypost
1,88E+23;07/01/2025 17:38;1169197861;1,88E+23;07/01/2025 0:00;@nypost
1,88E+23;07/01/2025 17:40;1,52E+23;1,88E+23;07/01/2025 0:00;@nypost
1,88E+23;07/01/2025 17:38;1,04E+23;1,88E+23;07/01/2025 0:00;@nypost
1,88E+23;07/01/2025 17:51;1,52E+23;1,88E+23;07/01/2025 0:00;@nypost
1,88E+23;07/01/2025 17:41;1,42E+23;1,88E+23;07/01/2025 0:00;@nypost
1,88E+23;07/01/2025 17:49;23265354;1,88E+23;07/01/2025 0:00;@nypost
1,88E+23;07/01/2025 17:44;1,85E+23;1,88E+23;07/01/2025 0:00;@nypost
1,88E+23;07/01/2025 17:59;1,30E+23;1,88E+23;07/01/2025 0:00;@nypost
1,88E+23;07/01/2025 16:01;1,59E+23;1,88E+23;07/01/2025 0:00;@nypost
1,88E+23;07/01/2025 15:40;1,60E+23;1,88E+23;07/01/2025 0:00;@nypost
1,88E+23;07/01/2025 15:41;1,51E+23;1,88E+23;07/01/2025 0:00;@nypost
1,88E+23;07/01/2025 15:43;1,65E+23;1,88E+23;07/01/2025 0:00;@nypost
1,88E+23;07/01/2025 15:41;837895236;1,88E+23;07/01/2025 0:00;@nypost
1,88E+23;07/01/2025 15:43;1,52E+23;1,88E+23;07/01/2025 0:00;@nypost
1,88E+23;07/01/2025 15:48;7,96E+22;1,88E+23;07/01/2025 0:00;@nypost
1,88E+23;07/01/2025 16:28;1,79E+23;1,88E+23;07/01/2025 0:00;@nypost
1,88E+23;07/01/2025 15:39;1372248295;1,88E+23;07/01/2025 0:00;@nypost
1,88E+23;07/01/2025 16:00;1,52E+23;1,88E+23;07/01/2025 0:00;@nypost
1,88E+23;07/01/2025 16:00;1,44E+22;1,88E+23;07/01/2025 0:00;@nypost
1,88E+23;07/01/2025 15:42;1,73E+23;1,88E+23;07/01/2025 0:00;@nypost
1,88E+23;07/01/2025 15:39;25145373;1,88E+23;07/01/2025 0:00;@nypost
1,88E+23;07/01/2025 15:46;1,83E+23;1,88E+23;07/01/2025 0:00;@nypost
1,88E+23;07/01/2025 15:54;3349439261;1,88E+23;07/01/2025 0:00;@nypost
1,88E+23;07/01/2025 15:42;1,60E+23;1,88E+23;07/01/2025 0:00;@nypost
1,88E+23;07/01/2025 15:42;1,03E+23;1,88E+23;07/01/2025 0:00;@nypost
1,88E+23;07/01/2025 16:33;1,54E+23;1,88E+23;07/01/2025 0:00;@nypost
1,88E+23;07/01/2025 15:49;1,82E+21;1,88E+23;07/01/2025 0:00;@nypost
1,88E+23;07/01/2025 16:23;1,19E+23;1,88E+23;07/01/2025 0:00;@nypost
1,88E+23;07/01/2025 15:42;433413719;1,88E+23;07/01/2025 0:00;@nypost
1,88E+23;07/01/2025 16:15;1,52E+23;1,88E+23;07/01/2025 0:00;@nypost
1,88E+23;07/01/2025 16:29;1,53E+23;1,88E+23;07/01/2025 0:00;@nypost
1,88E+23;07/01/2025 16:13;2934673725;1,88E+23;07/01/2025 0:00;@nypost
1,88E+23;07/01/2025 15:45;1,09E+23;1,88E+23;07/01/2025 0:00;@nypost
1,88E+23;07/01/2025 15:45;1,52E+23;1,88E+23;07/01/2025 0:00;@nypost
1,88E+23;07/01/2025 16:10;168478222;1,88E+23;07/01/2025 0:00;@nypost
1,88E+23;07/01/2025 15:46;8,71E+22;1,88E+23;07/01/2025 0:00;@nypost
1,88E+23;07/01/2025 17:10;1,83E+23;1,88E+23;07/01/2025 0:00;@nypost
1,88E+23;07/01/2025 15:44;1,80E+23;1,88E+23;07/01/2025 0:00;@nypost
1,88E+23;07/01/2025 15:40;1,83E+23;1,88E+23;07/01/2025 0:00;@nypost
1,88E+23;07/01/2025 15:43;1,74E+23;1,88E+23;07/01/2025 0:00;@nypost
1,88E+23;07/01/2025 16:09;1,81E+23;1,88E+23;07/01/2025 0:00;@nypost
1,88E+23;07/01/2025 16:10;942358136;1,88E+23;07/01/2025 0:00;@nypost
1,88E+23;07/01/2025 15:05;446568150;1,88E+23;07/01/2025 0:00;@nypost
1,88E+23;07/01/2025 14:18;8,91E+22;1,88E+23;07/01/2025 0:00;@nypost
1,88E+23;07/01/2025 14:14;1,52E+23;1,88E+23;07/01/2025 0:00;@nypost
1,88E+23;07/01/2025 14:07;23756352;1,88E+23;07/01/2025 0:00;@nypost
1,88E+23;07/01/2025 14:10;1,55E+23;1,88E+23;07/01/2025 0:00;@nypost
1,88E+23;07/01/2025 14:07;1,68E+23;1,88E+23;07/01/2025 0:00;@nypost
1,88E+23;07/01/2025 14:07;1,82E+21;1,88E+23;07/01/2025 0:00;@nypost
1,88E+23;07/01/2025 14:33;1,54E+23;1,88E+23;07/01/2025 0:00;@nypost
1,88E+23;07/01/2025 14:10;34772004;1,88E+23;07/01/2025 0:00;@nypost
1,88E+23;07/01/2025 14:11;1,86E+23;1,88E+23;07/01/2025 0:00;@nypost
1,88E+23;07/01/2025 14:09;144271730;1,88E+23;07/01/2025 0:00;@nypost
1,88E+23;07/01/2025 14:09;383837123;1,88E+23;07/01/2025 0:00;@nypost
1,88E+23;07/01/2025 14:07;1,86E+23;1,88E+23;07/01/2025 0:00;@nypost
1,88E+23;07/01/2025 14:13;1,31E+23;1,88E+23;07/01/2025 0:00;@nypost
1,88E+23;07/01/2025 15:52;155470237;1,88E+23;07/01/2025 0:00;@nypost
1,88E+23;07/01/2025 14:12;1,36E+23;1,88E+23;07/01/2025 0:00;@nypost
1,88E+23;07/01/2025 14:07;1,71E+23;1,88E+23;07/01/2025 0:00;@nypost
1,88E+23;07/01/2025 14:26;9,01E+22;1,88E+23;07/01/2025 0:00;@nypost
1,88E+23;07/01/2025 15:19;1,76E+23;1,88E+23;07/01/2025 0:00;@nypost
1,88E+23;07/01/2025 14:34;1,22E+23;1,88E+23;07/01/2025 0:00;@nypost
1,88E+23;07/01/2025 14:10;8,15E+22;1,88E+23;07/01/2025 0:00;@nypost
1,88E+23;07/01/2025 14:09;1,50E+22;1,88E+23;07/01/2025 0:00;@nypost
1,88E+23;07/01/2025 14:09;426943512;1,88E+23;07/01/2025 0:00;@nypost
1,88E+23;07/01/2025 14:10;7,81E+21;1,88E+23;07/01/2025 0:00;@nypost
1,88E+23;07/01/2025 14:40;1,66E+23;1,88E+23;07/01/2025 0:00;@nypost
1,88E+23;07/01/2025 14:07;22189668;1,88E+23;07/01/2025 0:00;@nypost
1,88E+23;07/01/2025 14:08;1,83E+23;1,88E+23;07/01/2025 0:00;@nypost
1,88E+23;07/01/2025 14:24;1,20E+23;1,88E+23;07/01/2025 0:00;@nypost
1,88E+23;07/01/2025 15:30;1,37E+23;1,88E+23;07/01/2025 0:00;@nypost
1,88E+23;07/01/2025 14:46;1,34E+23;1,88E+23;07/01/2025 0:00;@nypost
1,88E+23;07/01/2025 14:23;523441926;1,88E+23;07/01/2025 0:00;@nypost
1,88E+23;07/01/2025 14:43;1,70E+22;1,88E+23;07/01/2025 0:00;@nypost
1,88E+23;07/01/2025 14:07;1,75E+23;1,88E+23;07/01/2025 0:00;@nypost
1,88E+23;07/01/2025 14:17;1,73E+23;1,88E+23;07/01/2025 0:00;@nypost
1,88E+23;07/01/2025 17:08;1,52E+23;1,88E+23;07/01/2025 0:00;@nypost
1,88E+23;07/01/2025 13:43;1,69E+23;1,88E+23;07/01/2025 0:00;@nypost
1,88E+23;07/01/2025 13:41;1,39E+23;1,88E+23;07/01/2025 0:00;@nypost
1,88E+23;07/01/2025 13:48;214326367;1,88E+23;07/01/2025 0:00;@nypost
1,88E+23;07/01/2025 13:45;1,52E+23;1,88E+23;07/01/2025 0:00;@nypost
1,88E+23;07/01/2025 13:50;1,48E+23;1,88E+23;07/01/2025 0:00;@nypost
1,88E+23;07/01/2025 13:56;152390565;1,88E+23;07/01/2025 0:00;@nypost
1,88E+23;07/01/2025 14:24;1,22E+22;1,88E+23;07/01/2025 0:00;@nypost
1,88E+23;07/01/2025 14:03;7,88E+22;1,88E+23;07/01/2025 0:00;@nypost
1,88E+23;07/01/2025 13:56;1,86E+23;1,88E+23;07/01/2025 0:00;@nypost
1,88E+23;07/01/2025 13:56;1,29E+23;1,88E+23;07/01/2025 0:00;@nypost
1,88E+23;07/01/2025 13:58;1,62E+23;1,88E+23;07/01/2025 0:00;@nypost
1,88E+23;07/01/2025 14:06;1,59E+23;1,88E+23;07/01/2025 0:00;@nypost
1,88E+23;07/01/2025 13:48;1,71E+23;1,88E+23;07/01/2025 0:00;@nypost
1,88E+23;07/01/2025 13:44;1,69E+23;1,88E+23;07/01/2025 0:00;@nypost
1,88E+23;07/01/2025 13:44;1,70E+23;1,88E+23;07/01/2025 0:00;@nypost
1,88E+23;07/01/2025 13:49;1,52E+23;1,88E+23;07/01/2025 0:00;@nypost
1,88E+23;07/01/2025 14:28;1,86E+23;1,88E+23;07/01/2025 0:00;@nypost
1,88E+23;07/01/2025 13:54;1,82E+23;1,88E+23;07/01/2025 0:00;@nypost
1,88E+23;07/01/2025 14:38;1,70E+22;1,88E+23;07/01/2025 0:00;@nypost
1,88E+23;07/01/2025 14:07;1,68E+23;1,88E+23;07/01/2025 0:00;@nypost
1,88E+23;07/01/2025 13:42;15174889;1,88E+23;07/01/2025 0:00;@nypost
1,88E+23;07/01/2025 15:02;131756495;1,88E+23;07/01/2025 0:00;@nypost
1,88E+23;07/01/2025 13:47;1,38E+23;1,88E+23;07/01/2025 0:00;@nypost
1,88E+23;07/01/2025 16:13;1,76E+23;1,88E+23;07/01/2025 0:00;@nypost
1,88E+23;07/01/2025 14:00;1,88E+22;1,88E+23;07/01/2025 0:00;@nypost
1,88E+23;07/01/2025 13:48;2444006502;1,88E+23;07/01/2025 0:00;@nypost
1,88E+23;07/01/2025 15:40;1,59E+23;1,88E+23;07/01/2025 0:00;@nypost
1,88E+23;07/01/2025 21:48;150062849;1,88E+23;07/01/2025 0:00;@nypost
1,88E+23;07/01/2025 13:50;1,75E+23;1,88E+23;07/01/2025 0:00;@nypost
1,88E+23;07/01/2025 15:42;1,84E+23;1,88E+23;07/01/2025 0:00;@nypost
1,88E+23;07/01/2025 15:10;2548951202;1,88E+23;07/01/2025 0:00;@nypost
1,88E+23;07/01/2025 13:46;1,75E+23;1,88E+23;07/01/2025 0:00;@nypost
1,88E+23;07/01/2025 13:49;4113961763;1,88E+23;07/01/2025 0:00;@nypost
1,88E+23;07/01/2025 13:41;1,87E+23;1,88E+23;07/01/2025 0:00;@nypost
1,88E+23;07/01/2025 13:52;1,12E+23;1,88E+23;07/01/2025 0:00;@nypost
1,88E+23;07/01/2025 13:10;249807121;1,88E+23;07/01/2025 0:00;@nytimes
1,88E+23;07/01/2025 13:15;170435325;1,88E+23;07/01/2025 0:00;@nytimes
1,88E+23;07/01/2025 13:13;162850946;1,88E+23;07/01/2025 0:00;@nytimes
1,88E+23;07/01/2025 13:08;1,52E+23;1,88E+23;07/01/2025 0:00;@nytimes
1,88E+23;07/01/2025 13:07;24818913;1,88E+23;07/01/2025 0:00;@nytimes
1,88E+23;07/01/2025 13:07;1,25E+23;1,88E+23;07/01/2025 0:00;@nytimes
1,88E+23;07/01/2025 13:21;1,74E+23;1,88E+23;07/01/2025 0:00;@nytimes
1,88E+23;07/01/2025 13:08;1597558800;1,88E+23;07/01/2025 0:00;@nytimes
1,88E+23;07/01/2025 13:09;1959808550;1,88E+23;07/01/2025 0:00;@nytimes
1,88E+23;07/01/2025 13:07;1,45E+22;1,88E+23;07/01/2025 0:00;@nytimes
1,88E+23;07/01/2025 21:27;1,52E+23;1,88E+23;07/01/2025 0:00;@nytimes
1,88E+23;07/01/2025 13:07;1,85E+23;1,88E+23;07/01/2025 0:00;@nytimes
1,88E+23;07/01/2025 13:49;1,52E+23;1,88E+23;07/01/2025 0:00;@nytimes
1,88E+23;07/01/2025 13:34;2432039881;1,88E+23;07/01/2025 0:00;@nytimes
1,88E+23;07/01/2025 14:04;1,56E+23;1,88E+23;07/01/2025 0:00;@nytimes
1,88E+23;07/01/2025 13:41;1,09E+23;1,88E+23;07/01/2025 0:00;@nytimes
1,88E+23;07/01/2025 13:19;203847996;1,88E+23;07/01/2025 0:00;@nytimes
1,88E+23;07/01/2025 13:13;42267754;1,88E+23;07/01/2025 0:00;@nytimes
1,88E+23;07/01/2025 13:11;485408864;1,88E+23;07/01/2025 0:00;@nytimes
1,88E+23;07/01/2025 13:10;2312570930;1,88E+23;07/01/2025 0:00;@nytimes
1,88E+23;07/01/2025 15:15;28778010;1,88E+23;07/01/2025 0:00;@nytimes
1,88E+23;07/01/2025 13:55;1,11E+23;1,88E+23;07/01/2025 0:00;@nytimes
1,88E+23;07/01/2025 16:32;1,68E+22;1,88E+23;07/01/2025 0:00;@nytimes
1,88E+23;07/01/2025 14:10;330878165;1,88E+23;07/01/2025 0:00;@nytimes
1,88E+23;07/01/2025 14:10;8,24E+22;1,88E+23;07/01/2025 0:00;@nytimes
1,88E+23;07/01/2025 13:09;1,87E+23;1,88E+23;07/01/2025 0:00;@nytimes
1,88E+23;07/01/2025 13:08;1,52E+23;1,88E+23;07/01/2025 0:00;@nytimes
1,88E+23;07/01/2025 15:43;1,67E+23;1,88E+23;07/01/2025 0:00;@nytimes
1,88E+23;07/01/2025 13:44;235764604;1,88E+23;07/01/2025 0:00;@nytimes
1,88E+23;07/01/2025 13:43;478918277;1,88E+23;07/01/2025 0:00;@nytimes
1,88E+23;07/01/2025 13:10;1,35E+23;1,88E+23;07/01/2025 0:00;@nytimes
1,88E+23;07/01/2025 19:37;361853348;1,88E+23;07/01/2025 0:00;@nytimes
1,88E+23;07/01/2025 13:16;417337424;1,88E+23;07/01/2025 0:00;@nytimes
1,88E+23;07/01/2025 13:20;1,10E+23;1,88E+23;07/01/2025 0:00;@nytimes
1,88E+23;07/01/2025 14:42;352103699;1,88E+23;07/01/2025 0:00;@nytimes
1,88E+23;07/01/2025 14:27;3514702337;1,88E+23;07/01/2025 0:00;@nytimes
1,90E+23;09/03/2025 15:46;1,49E+23;1,90E+23;09/03/2025 0:00;@washingtonpost
1,90E+23;09/03/2025 17:40;1,59E+23;1,90E+23;09/03/2025 0:00;@washingtonpost
1,90E+23;09/03/2025 17:36;1,32E+23;1,90E+23;09/03/2025 0:00;@washingtonpost
1,90E+23;09/03/2025 19:42;1,82E+23;1,90E+23;09/03/2025 0:00;@washingtonpost
1,90E+23;09/03/2025 16:03;1,60E+23;1,90E+23;09/03/2025 0:00;@washingtonpost
1,90E+23;09/03/2025 16:10;1,68E+23;1,90E+23;09/03/2025 0:00;@washingtonpost
1,90E+23;09/03/2025 20:30;1,81E+23;1,90E+23;09/03/2025 0:00;@washingtonpost
1,90E+23;09/03/2025 19:50;1,83E+23;1,90E+23;09/03/2025 0:00;@washingtonpost
1,90E+23;09/03/2025 20:51;3419857035;1,90E+23;09/03/2025 0:00;@washingtonpost
1,90E+23;09/03/2025 23:16;498920962;1,90E+23;09/03/2025 0:00;@washingtonpost
1,90E+23;09/03/2025 19:42;1,58E+23;1,90E+23;09/03/2025 0:00;@washingtonpost
1,90E+23;09/03/2025 21:27;1,85E+23;1,90E+23;09/03/2025 0:00;@washingtonpost
1,90E+23;09/03/2025 21:44;1,81E+23;1,90E+23;09/03/2025 0:00;@washingtonpost
1,90E+23;09/03/2025 20:54;1,52E+23;1,90E+23;09/03/2025 0:00;@washingtonpost
1,90E+23;09/03/2025 19:41;1,03E+23;1,90E+23;09/03/2025 0:00;@washingtonpost
1,90E+23;09/03/2025 15:47;1,28E+23;1,90E+23;09/03/2025 0:00;@washingtonpost
1,90E+23;09/03/2025 19:42;1,66E+23;1,90E+23;09/03/2025 0:00;@washingtonpost
1,90E+23;09/03/2025 20:07;1,60E+23;1,90E+23;09/03/2025 0:00;@washingtonpost
1,90E+23;10/03/2025 8:10;258213769;1,90E+23;09/03/2025 0:00;@washingtonpost
1,90E+23;09/03/2025 19:46;277785344;1,90E+23;09/03/2025 0:00;@washingtonpost
1,90E+23;09/03/2025 17:46;1,85E+23;1,90E+23;09/03/2025 0:00;@washingtonpost
1,90E+23;09/03/2025 16:29;143987323;1,90E+23;09/03/2025 0:00;@washingtonpost
1,90E+23;10/03/2025 19:36;1,73E+23;1,90E+23;09/03/2025 0:00;@washingtonpost
1,90E+22;11/03/2025 9:41;1,86E+23;1,90E+23;09/03/2025 0:00;@washingtonpost
1,90E+23;09/03/2025 20:07;1,89E+23;1,90E+23;09/03/2025 0:00;@washingtonpost
1,90E+23;09/03/2025 15:53;8,61E+22;1,90E+23;09/03/2025 0:00;@washingtonpost
1,89E+23;04/02/2025 0:46;26104299;1,89E+23;04/02/2025 0:00;@washingtonpost
1,89E+23;04/02/2025 0:43;1,23E+23;1,89E+23;04/02/2025 0:00;@washingtonpost
1,89E+23;04/02/2025 3:38;1100637378;1,89E+23;04/02/2025 0:00;@washingtonpost
1,89E+23;04/02/2025 0:43;2752470882;1,89E+23;04/02/2025 0:00;@washingtonpost
1,89E+23;04/02/2025 5:42;1,79E+23;1,89E+23;04/02/2025 0:00;@washingtonpost
1,89E+23;31/01/2025 14:29;1,40E+23;1,89E+23;31/01/2025 0:00;@washingtonpost
1,89E+23;31/01/2025 14:26;1,77E+23;1,89E+23;31/01/2025 0:00;@washingtonpost
1,89E+23;31/01/2025 14:31;9,12E+22;1,89E+23;31/01/2025 0:00;@washingtonpost
1,89E+23;31/01/2025 14:29;234628016;1,89E+23;31/01/2025 0:00;@washingtonpost
1,89E+23;31/01/2025 14:26;847150723;1,89E+23;31/01/2025 0:00;@washingtonpost
1,89E+23;31/01/2025 14:33;3165295368;1,89E+23;31/01/2025 0:00;@washingtonpost
1,89E+23;31/01/2025 14:30;1,18E+23;1,89E+23;31/01/2025 0:00;@washingtonpost
1,89E+23;31/01/2025 14:30;1,18E+23;1,89E+23;31/01/2025 0:00;@washingtonpost
1,89E+23;31/01/2025 14:30;1,18E+23;1,89E+23;31/01/2025 0:00;@washingtonpost
1,89E+23;31/01/2025 14:30;1,18E+23;1,89E+23;31/01/2025 0:00;@washingtonpost
1,89E+23;01/02/2025 23:40;1,43E+23;1,89E+23;31/01/2025 0:00;@washingtonpost
1,89E+23;31/01/2025 14:24;1,43E+23;1,89E+23;31/01/2025 0:00;@washingtonpost
1,89E+23;31/01/2025 14:25;1,87E+23;1,89E+23;31/01/2025 0:00;@washingtonpost
1,89E+23;31/01/2025 15:15;8,02E+22;1,89E+23;31/01/2025 0:00;@washingtonpost
1,89E+23;31/01/2025 14:43;8,46E+22;1,89E+23;31/01/2025 0:00;@washingtonpost
1,89E+23;31/01/2025 14:57;2752470882;1,89E+23;31/01/2025 0:00;@washingtonpost
1,89E+23;31/01/2025 14:46;2315850498;1,89E+23;31/01/2025 0:00;@washingtonpost
1,89E+23;31/01/2025 14:27;605922517;1,89E+23;31/01/2025 0:00;@washingtonpost
1,89E+23;31/01/2025 15:41;143987323;1,89E+23;31/01/2025 0:00;@washingtonpost
1,89E+23;31/01/2025 14:32;26061088;1,89E+23;31/01/2025 0:00;@washingtonpost
1,89E+23;31/01/2025 14:27;1,83E+23;1,89E+23;31/01/2025 0:00;@washingtonpost
1,89E+23;31/01/2025 14:33;48335312;1,89E+23;31/01/2025 0:00;@washingtonpost
1,88E+22;30/01/2025 3:09;306358065;1,88E+22;30/01/2025 0:00;@washingtonpost
1,88E+22;30/01/2025 3:08;1,18E+23;1,88E+22;30/01/2025 0:00;@washingtonpost
1,88E+22;30/01/2025 3:08;1,18E+23;1,88E+22;30/01/2025 0:00;@washingtonpost
1,88E+23;30/01/2025 3:25;1704639228;1,88E+22;30/01/2025 0:00;@washingtonpost
1,88E+23;30/01/2025 5:52;7,03E+21;1,88E+22;30/01/2025 0:00;@washingtonpost
1,88E+23;30/01/2025 3:39;1,61E+22;1,88E+22;30/01/2025 0:00;@washingtonpost
1,88E+22;30/01/2025 3:12;91720453;1,88E+22;30/01/2025 0:00;@washingtonpost
1,88E+23;30/01/2025 3:25;1,77E+23;1,88E+22;30/01/2025 0:00;@washingtonpost
1,88E+22;30/01/2025 3:08;1,18E+23;1,88E+22;30/01/2025 0:00;@washingtonpost
1,88E+22;30/01/2025 3:08;1,18E+23;1,88E+22;30/01/2025 0:00;@washingtonpost
1,88E+23;30/01/2025 3:36;518311346;1,88E+22;30/01/2025 0:00;@washingtonpost
1,88E+22;30/01/2025 3:12;1,32E+23;1,88E+22;30/01/2025 0:00;@washingtonpost
1,88E+23;30/01/2025 3:36;1,83E+23;1,88E+22;30/01/2025 0:00;@washingtonpost
1,88E+22;30/01/2025 3:08;1,52E+23;1,88E+22;30/01/2025 0:00;@washingtonpost
1,88E+23;15/01/2025 5:06;1,50E+23;1,88E+23;15/01/2025 0:00;@washingtonpost
1,88E+23;16/01/2025 20:37;55539266;1,88E+23;15/01/2025 0:00;@washingtonpost
1,88E+22;15/01/2025 5:10;2788642796;1,88E+23;15/01/2025 0:00;@washingtonpost
1,88E+22;15/01/2025 5:22;443181139;1,88E+23;15/01/2025 0:00;@washingtonpost
1,88E+23;22/01/2025 8:03;1002810228;1,88E+23;15/01/2025 0:00;@washingtonpost
1,88E+22;15/01/2025 5:24;581793422;1,88E+23;15/01/2025 0:00;@washingtonpost
1,88E+22;15/01/2025 5:16;216982627;1,88E+23;15/01/2025 0:00;@washingtonpost
1,88E+22;15/01/2025 5:11;3091873864;1,88E+23;15/01/2025 0:00;@washingtonpost
1,88E+22;15/01/2025 5:22;1563021253;1,88E+23;15/01/2025 0:00;@washingtonpost
1,88E+23;15/01/2025 5:06;435136773;1,88E+23;15/01/2025 0:00;@washingtonpost
1,88E+22;15/01/2025 5:21;1,68E+23;1,88E+23;15/01/2025 0:00;@washingtonpost
1,88E+23;15/01/2025 22:46;8,73E+21;1,88E+23;15/01/2025 0:00;@washingtonpost
1,88E+23;15/01/2025 5:06;268157328;1,88E+23;15/01/2025 0:00;@washingtonpost
1,88E+22;15/01/2025 5:46;1,86E+23;1,88E+23;15/01/2025 0:00;@washingtonpost
1,88E+23;15/01/2025 5:05;1,55E+23;1,88E+23;15/01/2025 0:00;@washingtonpost
1,88E+23;15/01/2025 16:50;3296640001;1,88E+23;15/01/2025 0:00;@washingtonpost
1,88E+23;16/01/2025 13:02;9,12E+22;1,88E+23;15/01/2025 0:00;@washingtonpost
1,88E+22;15/01/2025 5:20;1,68E+22;1,88E+23;15/01/2025 0:00;@washingtonpost
1,88E+23;15/01/2025 14:24;31540720;1,88E+23;15/01/2025 0:00;@washingtonpost
1,88E+22;13/01/2025 6:58;2478437987;1,88E+23;13/01/2025 0:00;@washingtonpost
1,88E+23;13/01/2025 6:14;1,59E+23;1,88E+23;13/01/2025 0:00;@washingtonpost
1,88E+23;13/01/2025 6:13;587711036;1,88E+23;13/01/2025 0:00;@washingtonpost
1,88E+23;13/01/2025 6:16;1,33E+23;1,88E+23;13/01/2025 0:00;@washingtonpost
1,88E+23;13/01/2025 6:13;2821132913;1,88E+23;13/01/2025 0:00;@washingtonpost
1,88E+23;13/01/2025 6:15;1,26E+23;1,88E+23;13/01/2025 0:00;@washingtonpost
1,88E+22;13/01/2025 6:57;1,36E+23;1,88E+23;13/01/2025 0:00;@washingtonpost
1,88E+23;13/01/2025 9:22;1,47E+23;1,88E+23;13/01/2025 0:00;@washingtonpost
1,88E+23;13/01/2025 18:38;2752470882;1,88E+23;13/01/2025 0:00;@washingtonpost
1,88E+23;13/01/2025 6:23;1,75E+23;1,88E+23;13/01/2025 0:00;@washingtonpost
1,88E+23;13/01/2025 8:16;17894700;1,88E+23;13/01/2025 0:00;@washingtonpost
1,88E+23;13/01/2025 7:30;1,09E+23;1,88E+23;13/01/2025 0:00;@washingtonpost
1,88E+23;13/01/2025 10:04;18346999;1,88E+23;13/01/2025 0:00;@washingtonpost
1,88E+23;13/01/2025 6:33;3028120414;1,88E+23;13/01/2025 0:00;@washingtonpost
1,88E+23;13/01/2025 6:32;1,56E+23;1,88E+23;13/01/2025 0:00;@washingtonpost
1,88E+23;13/01/2025 10:23;518893575;1,88E+23;13/01/2025 0:00;@washingtonpost
1,88E+23;13/01/2025 6:14;2169156854;1,88E+23;13/01/2025 0:00;@washingtonpost
1,88E+23;13/01/2025 6:20;2627058703;1,88E+23;13/01/2025 0:00;@washingtonpost
1,88E+22;13/01/2025 7:17;1,39E+21;1,88E+23;13/01/2025 0:00;@washingtonpost
1,88E+23;11/01/2025 8:09;4058703685;1,88E+23;11/01/2025 0:00;@washingtonpost
1,88E+23;11/01/2025 8:13;521887673;1,88E+23;11/01/2025 0:00;@washingtonpost
1,88E+23;11/01/2025 8:10;1,44E+23;1,88E+23;11/01/2025 0:00;@washingtonpost
1,88E+21;11/01/2025 8:31;404712562;1,88E+23;11/01/2025 0:00;@washingtonpost
1,88E+23;11/01/2025 8:17;1,63E+23;1,88E+23;11/01/2025 0:00;@washingtonpost
1,88E+23;11/01/2025 8:18;1,47E+23;1,88E+23;11/01/2025 0:00;@washingtonpost
1,88E+21;11/01/2025 8:31;1,82E+23;1,88E+23;11/01/2025 0:00;@washingtonpost
1,88E+21;11/01/2025 8:43;2220508268;1,88E+23;11/01/2025 0:00;@washingtonpost
1,88E+23;11/01/2025 8:11;483405007;1,88E+23;11/01/2025 0:00;@washingtonpost
1,88E+23;11/01/2025 8:13;1,43E+23;1,88E+23;11/01/2025 0:00;@washingtonpost
1,88E+21;11/01/2025 8:25;507943798;1,88E+23;11/01/2025 0:00;@washingtonpost
1,88E+23;11/01/2025 13:31;1,06E+23;1,88E+23;11/01/2025 0:00;@washingtonpost
1,88E+21;11/01/2025 8:43;2576290892;1,88E+23;11/01/2025 0:00;@washingtonpost
1,88E+21;11/01/2025 8:52;2271876176;1,88E+23;11/01/2025 0:00;@washingtonpost
1,88E+23;11/01/2025 9:08;1378058054;1,88E+23;11/01/2025 0:00;@washingtonpost
1,88E+23;15/01/2025 6:28;50089781;1,88E+23;11/01/2025 0:00;@washingtonpost
1,88E+23;11/01/2025 14:47;34496291;1,88E+23;11/01/2025 0:00;@washingtonpost
1,88E+23;11/01/2025 8:12;24221180;1,88E+23;11/01/2025 0:00;@washingtonpost
1,88E+23;11/01/2025 8:11;22549623;1,88E+23;11/01/2025 0:00;@washingtonpost
1,88E+23;11/01/2025 8:20;7,35E+21;1,88E+23;11/01/2025 0:00;@washingtonpost
1,88E+21;11/01/2025 8:47;1,75E+23;1,88E+23;11/01/2025 0:00;@washingtonpost
1,88E+23;11/01/2025 8:09;1,52E+23;1,88E+23;11/01/2025 0:00;@washingtonpost
1,88E+21;11/01/2025 8:25;1,67E+23;1,88E+23;11/01/2025 0:00;@washingtonpost
1,88E+21;11/01/2025 8:31;2348984153;1,88E+23;11/01/2025 0:00;@washingtonpost
1,88E+23;11/01/2025 17:59;2752470882;1,88E+23;11/01/2025 0:00;@washingtonpost
1,88E+23;11/01/2025 9:28;35664601;1,88E+23;11/01/2025 0:00;@washingtonpost
1,88E+23;11/01/2025 11:47;18346999;1,88E+23;11/01/2025 0:00;@washingtonpost
1,88E+21;11/01/2025 8:33;1,64E+23;1,88E+23;11/01/2025 0:00;@washingtonpost
1,88E+23;11/01/2025 9:06;425225057;1,88E+23;11/01/2025 0:00;@washingtonpost
1,88E+23;11/01/2025 8:10;64717855;1,88E+23;11/01/2025 0:00;@washingtonpost
1,88E+23;11/01/2025 13:19;261270258;1,88E+23;11/01/2025 0:00;@washingtonpost
1,88E+23;11/01/2025 9:36;1,41E+23;1,88E+23;11/01/2025 0:00;@washingtonpost
1,88E+23;11/01/2025 8:10;19028095;1,88E+23;11/01/2025 0:00;@washingtonpost
1,88E+23;11/01/2025 8:12;1,43E+23;1,88E+23;11/01/2025 0:00;@washingtonpost
1,88E+23;11/01/2025 19:44;1,43E+23;1,88E+23;11/01/2025 0:00;@washingtonpost
1,88E+23;10/01/2025 15:38;15113324;1,88E+23;10/01/2025 0:00;@washingtonpost
1,88E+23;10/01/2025 15:41;1,60E+23;1,88E+23;10/01/2025 0:00;@washingtonpost
1,88E+23;10/01/2025 15:38;1433996094;1,88E+23;10/01/2025 0:00;@washingtonpost
1,88E+23;10/01/2025 16:03;1,23E+23;1,88E+23;10/01/2025 0:00;@washingtonpost
1,88E+23;10/01/2025 15:50;1,68E+23;1,88E+23;10/01/2025 0:00;@washingtonpost
1,88E+23;10/01/2025 16:01;1,05E+23;1,88E+23;10/01/2025 0:00;@washingtonpost
1,88E+23;10/01/2025 15:57;1,79E+23;1,88E+23;10/01/2025 0:00;@washingtonpost
1,88E+23;10/01/2025 15:40;1,66E+23;1,88E+23;10/01/2025 0:00;@washingtonpost
1,88E+23;10/01/2025 15:42;417107207;1,88E+23;10/01/2025 0:00;@washingtonpost
1,88E+23;10/01/2025 15:59;1,50E+23;1,88E+23;10/01/2025 0:00;@washingtonpost
1,88E+23;10/01/2025 15:45;1,59E+23;1,88E+23;10/01/2025 0:00;@washingtonpost
1,88E+23;10/01/2025 20:41;1,67E+23;1,88E+23;10/01/2025 0:00;@washingtonpost
1,88E+23;10/01/2025 16:00;8,02E+22;1,88E+23;10/01/2025 0:00;@washingtonpost
1,88E+23;11/01/2025 16:47;1,83E+23;1,88E+23;10/01/2025 0:00;@washingtonpost
1,88E+23;10/01/2025 15:39;1,79E+23;1,88E+23;10/01/2025 0:00;@washingtonpost
1,88E+23;10/01/2025 15:45;2752470882;1,88E+23;10/01/2025 0:00;@washingtonpost
1,88E+23;10/01/2025 15:42;1,50E+23;1,88E+23;10/01/2025 0:00;@washingtonpost
1,88E+23;10/01/2025 15:41;1,86E+23;1,88E+23;10/01/2025 0:00;@washingtonpost
1,88E+23;10/01/2025 15:48;339028394;1,88E+23;10/01/2025 0:00;@washingtonpost
1,88E+23;10/01/2025 15:51;1,64E+23;1,88E+23;10/01/2025 0:00;@washingtonpost
1,88E+23;10/01/2025 15:44;7,77E+22;1,88E+23;10/01/2025 0:00;@washingtonpost
1,88E+23;10/01/2025 15:47;9,54E+22;1,88E+23;10/01/2025 0:00;@washingtonpost
1,88E+23;11/01/2025 16:43;1,83E+23;1,88E+23;10/01/2025 0:00;@washingtonpost
1,88E+23;09/01/2025 7:42;1,68E+23;1,88E+23;09/01/2025 0:00;@washingtonpost
1,88E+23;09/01/2025 7:50;213120036;1,88E+23;09/01/2025 0:00;@washingtonpost
1,88E+23;09/01/2025 7:13;1,57E+23;1,88E+23;09/01/2025 0:00;@washingtonpost
1,88E+23;09/01/2025 7:48;213120036;1,88E+23;09/01/2025 0:00;@washingtonpost
1,88E+23;09/01/2025 7:02;1,77E+22;1,88E+23;09/01/2025 0:00;@washingtonpost
1,88E+22;09/01/2025 16:41;1,52E+23;1,88E+23;09/01/2025 0:00;@washingtonpost
1,88E+23;09/01/2025 7:02;1,50E+23;1,88E+23;09/01/2025 0:00;@washingtonpost
1,88E+23;09/01/2025 7:03;1226826614;1,88E+23;09/01/2025 0:00;@washingtonpost
1,88E+23;09/01/2025 7:33;424252663;1,88E+23;09/01/2025 0:00;@washingtonpost
1,88E+23;09/01/2025 8:27;1,23E+23;1,88E+23;09/01/2025 0:00;@washingtonpost
1,88E+22;09/01/2025 10:25;9,04E+22;1,88E+23;09/01/2025 0:00;@washingtonpost
1,88E+23;08/01/2025 16:54;9,99E+22;1,88E+23;08/01/2025 0:00;@washingtonpost
1,88E+23;08/01/2025 16:55;1,50E+22;1,88E+23;08/01/2025 0:00;@washingtonpost
1,88E+23;08/01/2025 16:55;168716485;1,88E+23;08/01/2025 0:00;@washingtonpost
1,88E+23;08/01/2025 16:58;1,67E+23;1,88E+23;08/01/2025 0:00;@washingtonpost
1,88E+23;08/01/2025 17:07;1,59E+23;1,88E+23;08/01/2025 0:00;@washingtonpost
1,88E+23;08/01/2025 17:11;1,86E+23;1,88E+23;08/01/2025 0:00;@washingtonpost
1,88E+23;08/01/2025 17:23;1,87E+23;1,88E+23;08/01/2025 0:00;@washingtonpost
1,88E+23;08/01/2025 16:59;284619677;1,88E+23;08/01/2025 0:00;@washingtonpost
1,88E+23;08/01/2025 17:01;105857016;1,88E+23;08/01/2025 0:00;@washingtonpost
1,88E+23;08/01/2025 17:05;61210137;1,88E+23;08/01/2025 0:00;@washingtonpost
1,88E+23;08/01/2025 17:09;1,61E+23;1,88E+23;08/01/2025 0:00;@washingtonpost
1,88E+23;08/01/2025 20:26;1,32E+23;1,88E+23;08/01/2025 0:00;@washingtonpost
1,88E+23;08/01/2025 17:50;7,86E+20;1,88E+23;08/01/2025 0:00;@washingtonpost
1,88E+23;08/01/2025 17:16;1,28E+23;1,88E+23;08/01/2025 0:00;@washingtonpost
1,88E+23;08/01/2025 17:22;1,50E+23;1,88E+23;08/01/2025 0:00;@washingtonpost
1,88E+23;08/01/2025 17:51;1,43E+23;1,88E+23;08/01/2025 0:00;@washingtonpost
1,88E+23;08/01/2025 19:54;1,75E+23;1,88E+23;08/01/2025 0:00;@washingtonpost
1,88E+23;08/01/2025 19:53;1,75E+23;1,88E+23;08/01/2025 0:00;@washingtonpost
1,88E+23;08/01/2025 19:52;1,75E+23;1,88E+23;08/01/2025 0:00;@washingtonpost
1,88E+23;08/01/2025 16:14;599456294;1,88E+23;08/01/2025 0:00;@washingtonpost
1,88E+23;08/01/2025 20:16;8,24E+22;1,88E+23;08/01/2025 0:00;@washingtonpost
1,88E+23;08/01/2025 16:13;1,28E+23;1,88E+23;08/01/2025 0:00;@washingtonpost
1,88E+23;08/01/2025 16:18;7,95E+22;1,88E+23;08/01/2025 0:00;@washingtonpost
1,88E+23;09/01/2025 15:12;569720894;1,88E+23;08/01/2025 0:00;@washingtonpost
1,88E+23;08/01/2025 16:10;19028095;1,88E+23;08/01/2025 0:00;@washingtonpost
1,88E+23;08/01/2025 19:17;1,80E+22;1,88E+23;08/01/2025 0:00;@washingtonpost
1,88E+23;08/01/2025 16:11;1,75E+23;1,88E+23;08/01/2025 0:00;@washingtonpost
1,88E+23;08/01/2025 17:23;1,50E+23;1,88E+23;08/01/2025 0:00;@washingtonpost
1,88E+23;08/01/2025 16:20;1,85E+23;1,88E+23;08/01/2025 0:00;@washingtonpost
1,88E+23;07/01/2025 14:04;836291268;1,88E+23;07/01/2025 0:00;@washingtonpost
1,88E+23;07/01/2025 13:42;1433996094;1,88E+23;07/01/2025 0:00;@washingtonpost
1,88E+23;07/01/2025 13:45;6507992;1,88E+23;07/01/2025 0:00;@washingtonpost
1,88E+23;07/01/2025 13:51;1,87E+23;1,88E+23;07/01/2025 0:00;@washingtonpost
1,88E+23;07/01/2025 13:44;1,42E+23;1,88E+23;07/01/2025 0:00;@washingtonpost
1,88E+23;07/01/2025 14:05;3304527378;1,88E+23;07/01/2025 0:00;@washingtonpost
1,88E+23;07/01/2025 13:56;153956598;1,88E+23;07/01/2025 0:00;@washingtonpost
1,88E+23;07/01/2025 13:48;1,57E+23;1,88E+23;07/01/2025 0:00;@washingtonpost
1,88E+23;07/01/2025 14:08;1,33E+23;1,88E+23;07/01/2025 0:00;@washingtonpost
1,88E+23;07/01/2025 13:54;25423646;1,88E+23;07/01/2025 0:00;@washingtonpost
1,88E+23;07/01/2025 15:29;27715105;1,88E+23;07/01/2025 0:00;@washingtonpost
1,88E+23;07/01/2025 13:43;1,85E+23;1,88E+23;07/01/2025 0:00;@washingtonpost
1,88E+23;07/01/2025 13:47;1,77E+23;1,88E+23;07/01/2025 0:00;@washingtonpost
1,88E+23;07/01/2025 13:48;1,83E+23;1,88E+23;07/01/2025 0:00;@washingtonpost
1,88E+23;07/01/2025 14:00;24362812;1,88E+23;07/01/2025 0:00;@washingtonpost
1,88E+23;07/01/2025 14:09;98659149;1,88E+23;07/01/2025 0:00;@washingtonpost
1,88E+23;08/01/2025 15:34;1,60E+23;1,88E+23;07/01/2025 0:00;@washingtonpost
1,88E+23;07/01/2025 13:41;1,37E+22;1,88E+23;07/01/2025 0:00;@washingtonpost
1,88E+23;07/01/2025 15:14;9,04E+22;1,88E+23;07/01/2025 0:00;@washingtonpost
1,88E+23;07/01/2025 16:49;1,81E+23;1,88E+23;07/01/2025 0:00;@washingtonpost
1,88E+23;07/01/2025 13:43;21693961;1,88E+23;07/01/2025 0:00;@washingtonpost
1,88E+23;07/01/2025 13:43;1,71E+22;1,88E+23;07/01/2025 0:00;@washingtonpost
1,88E+23;07/01/2025 19:28;1,75E+23;1,88E+23;07/01/2025 0:00;@washingtonpost
1,88E+23;07/01/2025 19:24;1,75E+23;1,88E+23;07/01/2025 0:00;@washingtonpost
1,88E+23;07/01/2025 19:22;1,75E+23;1,88E+23;07/01/2025 0:00;@washingtonpost
1,88E+23;07/01/2025 19:19;1,75E+23;1,88E+23;07/01/2025 0:00;@washingtonpost
1,88E+23;08/01/2025 19:32;1,66E+23;1,88E+23;08/01/2025 0:00;@WSJ
1,88E+23;08/01/2025 19:32;1,66E+23;1,88E+23;08/01/2025 0:00;@WSJ
1,88E+23;08/01/2025 18:54;1,78E+23;1,88E+23;08/01/2025 0:00;@WSJ
1,88E+23;08/01/2025 18:54;1,78E+23;1,88E+23;08/01/2025 0:00;@WSJ
1,88E+23;10/01/2025 0:46;4413637289;1,88E+23;08/01/2025 0:00;@WSJ
1,88E+23;10/01/2025 0:46;4413637289;1,88E+23;08/01/2025 0:00;@WSJ
1,88E+23;08/01/2025 18:45;1,52E+23;1,88E+23;08/01/2025 0:00;@WSJ
1,88E+23;08/01/2025 18:45;1,52E+23;1,88E+23;08/01/2025 0:00;@WSJ
1,88E+23;08/01/2025 18:43;842625612;1,88E+23;08/01/2025 0:00;@WSJ
1,88E+23;08/01/2025 18:43;842625612;1,88E+23;08/01/2025 0:00;@WSJ
1,88E+23;08/01/2025 18:52;1,42E+23;1,88E+23;08/01/2025 0:00;@WSJ
1,88E+23;08/01/2025 18:52;1,42E+23;1,88E+23;08/01/2025 0:00;@WSJ
1,88E+23;08/01/2025 18:46;1,77E+23;1,88E+23;08/01/2025 0:00;@WSJ
1,88E+23;08/01/2025 18:46;1,77E+23;1,88E+23;08/01/2025 0:00;@WSJ
1,88E+23;08/01/2025 19:30;2206783753;1,88E+23;08/01/2025 0:00;@WSJ
1,88E+23;08/01/2025 19:30;2206783753;1,88E+23;08/01/2025 0:00;@WSJ
1,88E+23;08/01/2025 18:54;1,58E+23;1,88E+23;08/01/2025 0:00;@WSJ
1,88E+23;08/01/2025 18:54;1,58E+23;1,88E+23;08/01/2025 0:00;@WSJ
1,90E+23;13/03/2025 19:15;1,45E+22;1,90E+23;13/03/2025 0:00;@WSJ
1,90E+23;13/03/2025 22:15;1,57E+23;1,90E+23;13/03/2025 0:00;@WSJ
1,90E+23;13/03/2025 19:15;1,85E+23;1,90E+23;13/03/2025 0:00;@WSJ
1,90E+23;13/03/2025 19:24;358218820;1,90E+23;13/03/2025 0:00;@WSJ
1,90E+23;13/03/2025 19:20;1,30E+23;1,90E+23;13/03/2025 0:00;@WSJ
1,90E+23;13/03/2025 19:25;8,64E+22;1,90E+23;13/03/2025 0:00;@WSJ
1,90E+23;13/03/2025 19:16;1,59E+23;1,90E+23;13/03/2025 0:00;@WSJ
1,90E+23;13/03/2025 19:35;1722009606;1,90E+23;13/03/2025 0:00;@WSJ
1,88E+23;08/01/2025 3:07;1,52E+23;1,88E+23;08/01/2025 0:00;@WSJ
1,88E+23;08/01/2025 3:03;1,85E+23;1,88E+23;08/01/2025 0:00;@WSJ
1,88E+23;08/01/2025 3:10;1,50E+23;1,88E+23;08/01/2025 0:00;@WSJ
1,88E+21;08/01/2025 14:25;1206712902;1,88E+23;08/01/2025 0:00;@WSJ
1,88E+23;08/01/2025 3:09;1,81E+23;1,88E+23;08/01/2025 0:00;@WSJ
1,88E+23;08/01/2025 3:03;1,86E+23;1,88E+23;08/01/2025 0:00;@WSJ
1,88E+23;08/01/2025 3:14;979572392;1,88E+23;08/01/2025 0:00;@WSJ
1,88E+23;08/01/2025 3:15;1,88E+23;1,88E+23;08/01/2025 0:00;@WSJ
1,88E+23;08/01/2025 3:12;1,40E+23;1,88E+23;08/01/2025 0:00;@WSJ
1,88E+23;08/01/2025 3:05;22537376;1,88E+23;08/01/2025 0:00;@WSJ
1,88E+23;08/01/2025 3:35;1,73E+23;1,88E+23;08/01/2025 0:00;@WSJ
1,88E+23;08/01/2025 3:29;7,86E+22;1,88E+23;08/01/2025 0:00;@WSJ
1,88E+23;08/01/2025 3:09;1,45E+22;1,88E+23;08/01/2025 0:00;@WSJ
1,88E+23;08/01/2025 3:40;1,88E+23;1,88E+23;08/01/2025 0:00;@WSJ
1,88E+23;07/01/2025 14:46;574807922;1,88E+23;07/01/2025 0:00;@WSJ
1,88E+23;07/01/2025 12:59;1,69E+22;1,88E+23;07/01/2025 0:00;@WSJ
1,88E+23;07/01/2025 13:32;2809353716;1,88E+23;07/01/2025 0:00;@WSJ
1,88E+23;07/01/2025 12:58;1,11E+23;1,88E+23;07/01/2025 0:00;@WSJ
1,88E+23;07/01/2025 13:07;429415081;1,88E+23;07/01/2025 0:00;@WSJ
1,88E+23;07/01/2025 12:59;1,70E+23;1,88E+23;07/01/2025 0:00;@WSJ
1,88E+23;07/01/2025 12:59;1,78E+23;1,88E+23;07/01/2025 0:00;@WSJ
1,88E+23;07/01/2025 12:57;1,58E+23;1,88E+23;07/01/2025 0:00;@WSJ
1,88E+23;07/01/2025 12:59;8,28E+22;1,88E+23;07/01/2025 0:00;@WSJ
1,88E+23;07/01/2025 13:50;2916149165;1,88E+23;07/01/2025 0:00;@WSJ
1,88E+23;07/01/2025 21:50;1,28E+23;1,88E+23;07/01/2025 0:00;@WSJ
1,88E+23;07/01/2025 13:15;1,14E+23;1,88E+23;07/01/2025 0:00;@WSJ
1,88E+23;07/01/2025 12:58;1,79E+23;1,88E+23;07/01/2025 0:00;@WSJ
1,88E+23;07/01/2025 12:59;36379946;1,88E+23;07/01/2025 0:00;@WSJ
1,88E+23;07/01/2025 15:35;1,59E+23;1,88E+23;07/01/2025 0:00;@WSJ
1,88E+23;07/01/2025 13:29;1,52E+23;1,88E+23;07/01/2025 0:00;@WSJ
1,88E+23;07/01/2025 12:56;1,71E+22;1,88E+23;07/01/2025 0:00;@WSJ
